zone,node,snap_m,net_m,euclid_m,detour
Informal,7259994478,339.4897648331984,2770.1212070680126,2419.909575907317,1.1447209576123885
Informal,11395687075,61.017669652438514,747.2276379505165,219.69530167345275,3.4011998994005297
Informal,2248663256,40.14631241797935,325.78980857256903,271.52897801912945,1.1998344005464376
Informal,1548807110,42.60775761583392,2152.4637554401706,1880.3005320510406,1.144744533519997
Informal,11555928507,94.15362521165056,602.0335754924939,423.3796608251095,1.42197094286299
Informal,7188076399,126.94335602170108,1259.1222856495706,1166.242685532921,1.0796400279880063
Informal,7187846673,8.615783921276641,1014.8403368955559,808.0666488981636,1.2558869225444929
Informal,6887861210,128.26912210891732,700.2892626104277,762.2574594479014,0.9187043746579313
Informal,9952942383,33.06489481942108,732.6639241386144,641.2087278947372,1.1426293689796605
Informal,1884956181,30.199305924828227,265.4740708492683,244.4504511914192,1.0860036034107639
Informal,6311550586,13.167158844821827,1173.7657747627186,869.568864200858,1.3498249800392985
Informal,3544519400,354.68411527026365,1937.0980869284258,1725.505999236611,1.1226261095501413
Informal,430043614,36.23946492921235,1646.7642534116987,1177.6140509736013,1.3983904591238734
Informal,442437732,8.914268020388207,1437.6876117519128,1106.3186209962737,1.2995240109555701
Informal,3544519408,2234.342916996928,2032.450493263419,2965.1708746412273,0.685441271073235
Informal,2248663944,4.773740500700893,790.5266387556514,660.1358231915389,1.1975211933412673
Informal,12113992626,173.03148623260233,1360.4591906452767,1054.441377809642,1.2902179478875495
Informal,442107229,62.0458257012577,1347.7291593492412,1023.3489810454862,1.316979040690848
Informal,13078315923,20.233800771225894,379.7428514507578,234.71569860655083,1.617884332855439
Informal,2244849217,32.47333318849505,742.1799859303021,654.1040938791151,1.1346511860655994
Informal,1851133029,43.595587877252235,1655.7413254950088,1156.905502345336,1.4311811311627514
Informal,11302180302,274.0964683078805,893.9357045128229,572.8274894082224,1.5605670486176066
Informal,946720058,61.87823368681314,643.2902143280606,602.6130526466576,1.0675012954046552
Informal,7428873734,51.750663645082135,2944.960360350413,1302.5485162617856,2.2609218187144564
Informal,6901327809,51.67138057159803,803.6854084874659,646.4703230453075,1.243189949851944
Informal,10095126119,184.55825642291833,806.9880631999172,848.4622891350656,0.9511183626352706
Informal,3417157374,25.72989335509632,712.9928613928473,669.1518183959766,1.0655173337225057
Informal,7208384011,769.7763224416201,4356.874257453412,3130.8823420938957,1.3915803219036291
Informal,1526635243,28.601433115345273,501.58719684782204,441.81660311922303,1.1352837202283004
Informal,2578344260,63.4390592253359,1367.602751840429,1088.9230917209675,1.2559222613959151
Informal,4950456088,34.073607296751135,1364.8397207124099,843.1623376310223,1.6187152340640714
Informal,490481883,16.420850220154247,426.899259421927,275.3564641131577,1.5503513265862277
Informal,9688311146,79.29154188740755,2189.677690094283,527.2697936078418,4.152860104333724
Informal,11799154695,35.71494716713123,1015.6644940695655,597.9911758231038,1.6984606715501378
Informal,10053214686,18.445939612271445,746.5249965473233,498.3617206622994,1.497958140836392
Informal,5276879777,24.124590317800163,2338.047587016416,1374.8851480225774,1.700540289040945
Informal,329211738,61.7138127216627,189.86338084559992,167.78134534504872,1.131611982578508
Informal,736207396,44.01297197557208,651.2984956152285,502.6909105518859,1.2956241737098284
Informal,414036194,17.670521419326302,562.5099822991826,391.76402529476974,1.4358387855442847
Informal,12244701785,99.02008318538877,1716.5424690686962,681.0688531269378,2.5203655418797526
Informal,11533195358,29.467223270770123,2053.1353852603957,1281.7296646916757,1.6018474424201488
Informal,10277516977,59.49876556950246,1057.5779221185717,679.3988095664747,1.5566378792942153
Informal,3874447992,47.44906075947975,2145.8771275381087,868.8926625480085,2.469668832563704
Informal,382802595,20.94094000934417,235.39317487963183,157.84995879706378,1.4912463498470705
Informal,7483009559,4.429954142042449,2301.469939505026,1544.9108523634861,1.4897105137064162
Informal,13088907606,161.923250840899,1822.733323402083,1453.6798377817754,1.2538753555139488
Informal,431536109,139.27037268163286,2549.743228342844,365.73810992991775,6.971499986237207
Informal,6531873248,46.542292763761154,799.8046751200148,652.007006749984,1.2266811044052242
Informal,959499352,14.436549955394463,197.31745243405555,169.1885644019378,1.1662576199020906
Informal,9612176756,182.49232933365954,3256.700040264074,1460.5885062206617,2.2297176969377444
Informal,10062966646,18.013904821373654,912.2181197879368,639.0283863856789,1.427507978084368
Informal,4029960172,137.0593096622058,2402.5118541575357,1294.9271122513308,1.855325934121947
Informal,7466268287,16.889611302523946,1126.3495714105145,828.2917407561521,1.359846435728387
Informal,11676514124,52.98261955873571,153.67483228086712,39.706388289002604,3.0734966456173423
Informal,10206999030,8.158485916246125,1994.855016647566,915.7498518749836,2.1783842089224814
Informal,12201193302,224.61996813320332,1247.9160257123613,938.384596321664,1.3298556163475157
Informal,2523961736,7.440678856599498,978.6129937553636,208.73743484803845,4.688248633829371
Informal,7456579090,14.4354707945922,402.7305911246062,300.8842077148066,1.3384902922732813
Informal,4119317024,22.620668706085674,1411.9057055863175,1065.4217901629127,1.3252082120175375
Informal,11397317039,71.81271634328283,917.3046105358565,556.1653251155253,1.649338009961905
Informal,14143835426,191.24729881536697,482.55211007900346,327.24222251825813,1.4746022269546222
Informal,10839073797,171.21227533703697,715.7053001485449,598.619028232917,1.1955939694420652
Informal,442437978,9.942385018437362,1060.440280443263,613.8616483566261,1.7274906866753705
Informal,10980540630,124.55346302236514,2763.0116844946288,1003.6721092440429,2.7529027249503875
Informal,13254533797,231.64883962103244,2872.083034632719,1408.2469682307321,2.0394739697122124
Informal,9192226734,26.651591647491266,585.9669711439574,491.4309574375193,1.1923688613338068
Informal,10019975987,48.01934831122946,804.1329734216964,424.19365064462204,1.8956742332180196
Informal,7462733017,727.4452883699507,1765.917427887158,1772.9432942582653,0.9960371736682946
Informal,1386329243,49.387481669635015,375.224151300539,192.50516109955615,1.949164111535107
Informal,7462733038,13.1591876231172,1583.0942240098905,1125.2967526989657,1.4068237735627702
Informal,1955161862,75.55335019555764,299.6825741207699,97.45855046242119,3.074974670758353
Informal,2464033449,167.00692916057764,2403.937502740284,1404.7424694540648,1.7113012206960208
Informal,10991333275,195.4141689844789,991.8338687534209,837.1181822618006,1.184819407546012
Informal,1518021592,24.037306766064294,1546.7020118476444,1307.9170696961316,1.182568870522494
Informal,7466371310,18.543861135527052,169.26369242897124,151.2984939187387,1.1187401014043241
Informal,6571885656,60.72762116064271,1382.4046197999105,990.7158141951181,1.3953593956941224
Informal,960247270,226.29742805099386,2260.7794252157037,1908.4564718410138,1.1846114693068255
Informal,10041038803,78.72186349349904,1296.6201837599301,987.5147197659845,1.313013525577822
Informal,12638024056,41.35361758552645,545.2009269073106,471.4860456714643,1.1563458386787793
Informal,4952439191,152.93300450803676,1460.0989412492654,828.5245014578527,1.762288186625874
Informal,2247897106,29.406284477510706,1230.4315246295967,773.3847140660409,1.5909695423906807
Informal,6152777661,31.36709164977192,507.4333812239193,418.93082484427515,1.2112581627588332
Informal,308449022,15.256409794726762,0.0,71.81510757599794,0.0
Informal,13146447679,248.20116120346407,2914.675878790674,2026.706767289376,1.4381339845669505
Informal,1466727621,21.009518941222055,1313.301582224455,910.9084336919385,1.4417492841751451
Informal,1467767986,14.730888330271975,413.6335264985385,294.7970158184375,1.4031130042147075
Informal,10038782704,19.091017656924734,1368.6428046356884,787.1457742820488,1.7387412209435027
Informal,2268121028,65.40723820810155,363.6313586610341,310.4062021530283,1.171469371870882
Informal,10187686631,164.76082151865324,2283.500129518342,1760.3614725550547,1.297176838461469
Informal,7436997537,17.885119127698516,1467.0664285424302,801.124949464082,1.8312579448734363
Informal,1512686596,13.60489396402811,1543.003110376721,1209.2168631233226,1.2760350582535311
Informal,10035411716,81.57297130855959,1290.9910105074628,682.0655346381988,1.892766816303463
Informal,11331042990,67.42558404356491,399.3108567265864,390.147013502031,1.023488179858918
Informal,378714859,74.38686016687015,1444.017744531431,1089.3730153977383,1.3255493977920954
Informal,6141864534,20.85908959757656,2135.5952157825104,882.8899076494617,2.418869212661129
Informal,2227691425,19.60028802533091,1014.3238339129045,724.7064434131079,1.3996340768488307
Informal,3851990146,208.38372396944513,1576.189780020603,1031.4135133816176,1.5281841468732251
Informal,10172816999,20.814641757615263,599.7944107500008,352.31817567957256,1.702422560496861
Informal,7435058379,27.181680376111803,1534.3045937396676,675.5772900646116,2.271101495423163
Informal,12690206052,31.58340029677296,604.9497661353988,479.32026968373185,1.2620992776595086
Informal,1857119539,24.817306634452382,1950.9915139090992,1499.9998403168918,1.3006611477351426
Informal,10206790762,406.34195595058463,3964.50476654964,1303.3415110216404,3.0418004283789086
Informal,426941479,166.80302973806312,645.993809387537,609.3891776664731,1.060067741703641
Informal,9187864908,91.38480425883898,1781.2856545304126,1256.851009995789,1.417260789356712
Informal,3005992245,33.9486417691059,1759.7630790534627,1481.8949219261413,1.1875086775829917
Informal,1533876264,11.998275115454101,1353.3170052846385,728.5311896876171,1.857596523581811
Informal,7261229912,83.32144435386058,952.8387984385454,756.5652606885233,1.2594271082066344
Informal,3526294442,35.96240286416185,168.53800826971502,72.18313459391429,2.3348668524562015
Informal,253180004,68.89936761431085,338.2997700667032,321.7470708704394,1.051446308901843
Informal,3036852094,72.07148654584853,2187.3076321764433,1151.0528237082563,1.9002669444220348
Informal,12009588967,27.896622332399094,577.6978824910674,516.9079009840757,1.1176031192234852
Informal,10081230074,12.01083777908491,1387.1493173851832,698.0860901685637,1.9870748564123868
Informal,461539088,37.722633777064,362.4862852309515,339.5720260092596,1.0674798200870264
Informal,2645311295,15.994644130053645,832.0228210575888,656.8323193287008,1.2667202824427657
Informal,521157699,53.30784568054963,2569.398906892922,1656.7045780813453,1.5509095229691352
Informal,7435569306,25.61447852667074,659.6107659466289,446.53648567552494,1.4771710422470026
Informal,10168297844,22.689595005117738,873.9316125507482,638.8218259543647,1.36803655893432
Informal,4952439173,159.314534337895,2159.7740286128374,1057.473569754337,2.042390552715731
Informal,293709519,370.878464407004,164.59341494303615,489.4507081976978,0.3362819017038871
Informal,3676198957,87.98881890894971,1215.7802469649996,1105.269365398467,1.099985474153345
Informal,9612034015,26.065436819770298,847.6004844593733,668.8230071086015,1.2673016260664347
Informal,3872487109,16.495276721609716,1665.924919680785,976.3719379397852,1.7062400658462247
Informal,7467098515,62.37380469873061,443.5502777682534,457.00840833309206,0.970551678438639
Informal,10295397907,106.70147856507188,1583.2412588629948,1235.806073186625,1.281140539130448
Informal,10003866874,20.16344246863536,661.6985848981931,461.7616369087674,1.4329873510668627
Informal,7089243679,1518.0769805071106,783.811502216773,1905.5739128283942,0.41132568878075254
Informal,10094964464,81.95736125115072,3103.0275102701835,1860.612220602121,1.6677454205186286
Informal,7371771207,13.849808617134912,1698.0317228142644,850.8565745058672,1.9956732705513758
Informal,12153431509,13.700373511495146,628.9106521914474,421.94839745189654,1.4904918610649427
Informal,10110974875,28.354071134473593,1151.432008841555,721.1608393548948,1.5966369026243212
Informal,459820572,31.745912699521455,767.961685768206,534.2634774673419,1.4374212690126278
Informal,9612033982,78.82462797855999,2356.1696070031453,1224.4531439116768,1.924262776994513
Informal,1285970632,26.425140103524893,1233.3938786101435,700.780307766156,1.7600293058202139
Informal,7208384011,796.5508625538642,4356.874257453412,3149.441383087335,1.383380011722096
Informal,11501877815,137.29302004055697,1448.9198183447465,813.0434440037661,1.782093969308281
Informal,12511843171,26.52533600303869,269.26021406127506,180.17768338420333,1.4944148964725885
Informal,13271610481,16.91039439979328,1289.4369950840232,821.3659104941655,1.5698691394536304
Informal,431549517,146.10532553957722,2922.5711056679725,1304.7650722934661,2.239921322028332
Informal,10039209760,121.95369373252808,856.872041878362,556.4109170710518,1.5399986153919087
Informal,11644692726,14.796549348583337,1653.071566275751,1380.6120875205543,1.197346873331022
Informal,1757041819,14.88730400193109,300.4064095402283,258.3219303512697,1.1629148525319997
Informal,3683555322,104.55706227669369,2214.3685415258633,1575.8395224874398,1.4051992667568807
Informal,529291141,7.379252156981489,1921.7261584109287,1227.8058863595843,1.5651709930376714
Informal,1650434536,29.392415192255132,877.8835316124344,721.841154508567,1.2161727356901697
Informal,12213392965,597.2262921774754,1226.5397931788934,1500.8763938035124,0.817215726919792
Informal,1635307987,18.396037616474334,562.171772522977,487.68810912318787,1.1527280694493514
Informal,6194978731,9.182235883829055,1245.2476015236339,523.0775414647107,2.380617600282967
Informal,2246825576,13.055620922190068,2715.265692761558,1756.154225650558,1.546143073940845
Informal,2460540725,61.84729726063083,741.8711291027587,283.01656938694146,2.621299278377123
Informal,247964669,178.55265116326558,725.826831952325,578.2001874718637,1.2553209903406424
Informal,2039946569,14.542842004626667,1003.007200062492,832.0839283889626,1.2054159031823413
Informal,1836940202,48.86974400292403,1035.8455834367437,953.8650980286067,1.0859455761381454
Informal,1517486765,0.541987165371275,1363.7174977223824,994.7377709688309,1.3709316540721899
Informal,4362379262,28.58556279331191,1559.2417627519017,606.4794421564654,2.5709721622346984
Informal,1417340900,72.38982589095706,1454.28792142376,1094.2680144564756,1.3290052365700433
Informal,1029243562,37.301164355699335,631.9340775430605,544.3075725847777,1.1609871134846919
Informal,1851131650,20.248278798655278,661.299816332289,399.1302836544541,1.6568520190384937
Informal,1857076812,14.329826186978783,408.33879532947594,349.6309664861827,1.1679136989303647
Informal,1834315111,19.242192265585775,1170.5650912592669,1003.1595761546796,1.1668782505633726
Informal,9901476095,379.79065591553126,2154.701021313816,1847.488389115535,1.166286637582256
Informal,11412002061,118.35193263342929,2939.465425663222,1770.4501603530925,1.6602926710328774
Informal,11402801622,6.7182104851030395,1633.2257255766765,1211.403099108401,1.3482099614725596
Informal,960240892,75.19984688511609,1981.9952670158032,1406.7723701180316,1.4088955037192754
Informal,494244902,68.35839787586197,761.8500472578805,290.9084968595433,2.618864885289747
Informal,13270078805,52.19668148827218,850.0770504369115,675.7665334447471,1.2579448794298964
Informal,12144693938,62.103414357108214,1256.3995368618052,737.9031169874813,1.7026619185335685
Informal,10020022422,31.385743213526748,1730.9987329184178,692.5523329245799,2.4994482736179395
Informal,583463465,25.78794858966514,356.19528994072493,212.39903027619076,1.67700996316956
Informal,11428038815,15.254262225651932,913.3717913697319,517.0581206547295,1.7664779932537695
Informal,10028777214,134.87261964724922,1150.067046607732,862.5069316026261,1.333400352471127
Informal,7479638808,44.485275928585544,243.34521221511798,126.21964764098595,1.9279503370765163
Informal,11271107884,148.47143597658015,2501.58667257807,1235.0692372226974,2.0254627005392773
Informal,683067589,16.670014968117915,1030.419111426872,814.651643832912,1.2648585677416428
Informal,11015768399,4.110795668819261,947.3403906414526,423.98259295772766,2.2343851053713077
Informal,2645200012,92.2612935436009,929.5567480971414,314.6202226044796,2.9545359176282853
Informal,5265732940,20.14970427234108,853.6344313279121,761.4505576621356,1.1210635053558915
Informal,598947980,21.24149600598791,727.0808940000799,405.4798678416022,1.7931368525652889
Informal,9780498426,25.81659541256458,1324.1195951942082,736.3751467976706,1.798158996745756
Informal,6180761096,24.766410648200793,2017.1857979014287,1130.429261186853,1.784442306264753
Informal,13123224625,121.63045708042198,2547.574018502653,478.60180793420926,5.322951096860156
Informal,1524650077,22.453891825248242,656.6662221944937,478.74686483018326,1.371635556145982
Informal,7180809387,160.27597656016763,1666.6274844077216,299.37847540095856,5.566958286415221
Informal,10000928945,170.94533665448273,2383.007348367014,1135.7884669231241,2.098108422268658
Informal,7478154787,100.3714328171569,1504.2505344576828,960.5377847535818,1.56605035047485
Informal,10094452806,80.54175349246881,780.6459917095417,559.5535305285927,1.3951229848770499
Informal,1108042964,21.55451811807878,321.21574891864213,343.1025782517445,0.9362090793819586
Informal,7425789884,12.387255315947641,1213.6722416927996,656.9650555083323,1.8473923864241308
Informal,3280332576,29.555119406954894,196.63774360535055,75.01060997107088,2.621465732396887
Informal,410861167,58.500365370749684,1017.4633760551419,920.5933038008568,1.1052256972262748
Informal,2246196217,70.32854594353813,678.8981864198179,514.0919033138166,1.3205774727119146
Informal,10171166847,51.53124951551378,2048.2182311417805,1493.7884378385572,1.3711568380496086
Informal,10011206094,77.91773885619125,1114.9242298821155,564.7669431987941,1.9741315303747686
Informal,330378693,139.3463614325516,742.4433033684387,700.026660449274,1.0605928964076052
Informal,10079095915,160.73925485832027,1485.0617336758498,543.1881305752312,2.733973093453245
Informal,248839368,92.78052002440343,1928.6281566648076,1175.8187815445738,1.6402426861487378
Informal,7462441692,198.66338037807245,687.0692316272736,489.28054268376053,1.4042439289709316
Informal,1586486002,31.728623346815855,1545.7183580370138,1149.5607885214874,1.344616460017783
Informal,10017808957,12.708808219094635,1382.060644559306,601.4652725858573,2.2978228462259573
Informal,1827480137,98.2835527649554,338.01200701650527,264.7468618082827,1.2767365955078922
Informal,1572489444,33.85881355656965,558.6364601195371,380.39029815887176,1.4685875607853174
Informal,574574129,95.57662467735115,1941.477253588446,898.9612242898088,2.1596896519338067
Informal,9914370188,47.86130439631521,488.90015060384263,488.71903427555264,1.0003705939723802
Informal,3872498899,63.27350962679162,2229.172444624257,1710.2580941123595,1.3034128897259913
Informal,1123386065,11.27299126520496,772.7587767567003,569.5219879634454,1.356855034728351
Informal,3527330489,43.50642562220002,1487.8898955824466,693.1850656935495,2.1464540556622844
Informal,5319569140,229.80246509282034,1110.2807349049965,885.2154954379486,1.2542490959850403
Informal,1564615203,24.98689322729285,3082.4881421258924,2344.141186680642,1.3149754629288208
Informal,959519494,16.45433097415157,1372.4971196651882,328.4758839370929,4.178380169693182
Informal,14119865111,22.26801285534187,740.2076991174852,514.9139549360171,1.437536683598841
Informal,12706537771,150.72128043466955,1533.7804468390166,1227.0394386806179,1.249984636588555
Informal,9918432753,47.64196578870256,1417.0761937723832,806.5009921457341,1.7570668946137125
Informal,3544518941,63.19273671746279,1067.2615429602115,883.4503663243831,1.2080605585128446
Informal,10094502109,115.9579082720051,1761.8477390707483,1047.1338782346493,1.6825429638863625
Informal,14163514124,192.10709363872016,1569.4236733907017,370.06126229906135,4.240983408099568
Informal,13238937706,136.71292488527263,2322.475412924298,813.268279634814,2.8557309698186812
Informal,2227651467,7.741873298585282,860.3258657750259,766.4280904209095,1.1225134836884036
Informal,11295829605,84.76655658801032,1078.2540097861233,518.3393007181528,2.080208867612808
Informal,10020022445,40.222617419724386,1112.4138540003755,838.6720118627994,1.326399162325162
Informal,6461734020,101.00495076177528,2104.4162051244693,1728.468304092421,1.2175034972535699
Informal,7467127553,51.24878121914164,729.8364909104009,604.1520790829916,1.2080343942839338
Informal,363788414,29.74465580739672,168.29117595220572,182.64341257143425,0.921419357987438
Informal,10020390042,30.392201775876735,1191.2006457359755,711.6193975093204,1.6739294205655402
Informal,7463040502,11.137579954244643,873.4841134489172,708.4751880771022,1.232907133727113
Informal,10008258538,123.48448942123936,1221.922309017481,1008.6780164871054,1.2114096758775763
Informal,9830755310,44.33527281216243,699.5561618020319,637.3176023261735,1.0976570539534622
Informal,503260774,21.808867271997073,759.3128795196327,489.70997397163535,1.5505358679168195
Informal,6894318607,41.0839134823637,3893.093348155,2131.9473273053877,1.8260738894874862
Informal,13254514474,169.15782750497317,1701.5076488771062,871.7394109612134,1.9518535326984454
Informal,423744845,23.327418703284515,292.7716718740794,166.75868672564337,1.7556606952401619
Informal,3149605984,208.79105504111334,2209.0386611264867,1606.0334505939586,1.3754624228464973
Informal,12130863026,40.22391595497659,1137.8766583705221,643.2670770402273,1.7689023719449022
Informal,3872596647,95.74950946178647,2553.2332309334724,2108.4483166248237,1.2109536718550704
Informal,1589314117,710.5545848454557,1800.9809595051602,1547.4562008804958,1.1638332370767004
Informal,249786229,24.730670946574392,607.7915071886262,552.6438690479558,1.0997887450297306
Informal,3038860964,31.56406966183635,783.6061917571318,423.93228537290884,1.8484230118681302
Informal,7425452606,187.64768489352235,3550.866036852793,1176.921069388557,3.0170808639678497
Informal,4828316976,80.40812780145444,1672.5442191810505,1219.691165152882,1.371285016212613
Informal,12101090800,11.291091255736571,2376.04022946258,1721.417030579658,1.3802815861897735
Informal,1533670660,20.44588263652037,1722.3325491793294,815.2093458946208,2.1127487777869134
Informal,6494486453,36.39033222909081,704.6728181315609,551.6840002996639,1.2773124066472772
Informal,1591114644,7.880688783993368,1126.3671675982241,721.8777819337133,1.5603294571291477
Informal,2246196193,53.4551248112162,1771.8848817442147,1017.5847602398827,1.7412651515403152
Informal,7379052251,54.28982604989801,2262.3344489239958,1749.2575232506113,1.2933112585503954
Informal,14183563530,26.689793035969284,1020.3726562721913,742.746355223714,1.37378345796777
Informal,13123224625,365.57119975539905,2547.574018502653,810.381959609744,3.143670695395896
Informal,13245235103,26.931795419865956,615.9267428582502,403.1708330997463,1.527706600506657
Informal,11434505093,45.962403667278195,2275.4570405491436,1335.1276768430266,1.7042992067467067
Informal,4044517811,1079.4388518527178,1431.9334898161028,2189.8695686486603,0.6538898527640302
Informal,975680007,50.146360736980064,294.2511815890899,257.00958584682036,1.1449035280904496
Informal,10861576668,16.626872009039634,483.5076318301561,204.96040371185012,2.35902946653984
Informal,2250290042,201.48640829091588,962.962350516814,816.6362899353624,1.179181432891053
Informal,5347405394,99.62065584173195,1440.3115950221954,1304.1015944502303,1.1044473844304954
Informal,7435095022,4.794401856645319,1641.589301357603,1371.1404227475593,1.1972437498911344
Informal,11898247223,20.540405762185834,340.2609193714602,209.8208821163202,1.6216732859927012
Informal,582591642,33.80502996928778,2441.9373484761377,1837.9469300778082,1.3286223386073286
Informal,9769313980,21.983774364385074,238.97129591653203,188.9180317468243,1.2649469915967886
Informal,1559233431,38.477839779014246,1057.1063188619046,796.7438469213898,1.326783159915891
Informal,1681844180,244.39860198301932,795.4755413772407,574.5906485165849,1.384421315297964
Informal,7465559599,27.361547750554383,1948.1664743870465,1727.319068469135,1.127855594226515
Informal,2246195977,344.6431528775586,2324.321767039554,1183.2183826577843,1.9644064029994068
Informal,10209515909,313.57251783305963,1481.9305304744514,1359.823707447563,1.0897960686801726
Informal,12100104056,49.33624729380838,935.5983330884685,520.1546943418457,1.7986924721928843
Informal,2645311180,28.194275836110823,292.1092134127787,183.7511657046128,1.589699919957818
Informal,10032117260,64.53475032071168,404.2883233199061,328.60759836465576,1.2303072884859694
Informal,2460300214,32.79672111297095,464.49164504461885,230.03647222996975,2.019208695655278
Informal,1851133533,9.106486148275637,1426.980905116248,886.6936605271898,1.6093279659491722
Informal,3528653106,96.15528807461335,2233.732146315413,1645.4330220155096,1.357534531292735
Informal,10182468150,176.66032683845637,2423.521765578884,1791.0889035108335,1.3530996483917557
Informal,3158788638,20.672020659888773,336.0442332669999,118.77676280435418,2.829208553364287
Informal,10094514841,182.86819594337297,2105.7260201486565,844.274946546808,2.4941235420538583
Informal,1512864942,13.068742234759911,276.87485373214304,208.42963756123257,1.328385238163659
Informal,1575576707,59.01878300405725,859.5166875565455,635.5943985786855,1.352303748237232
Informal,14172566498,28.434629491741717,875.2448895244071,618.0539466702182,1.4161302492117585
Informal,419638204,119.08027519744255,1812.1907289287647,1236.1376400562553,1.4660104750521905
Informal,7260771939,25.332933442736213,1197.1675601515278,925.5790431298427,1.293425525391445
Informal,2248035414,244.27671141376877,2386.74050002711,1765.0486710302478,1.3522236180795992
Informal,12795261585,381.5061597914445,2076.080681370717,919.986879603815,2.256641618916092
Informal,3888671042,66.53710474018119,834.8708896070582,626.4998146942365,1.3325955890577832
Informal,13254514474,102.96551527826358,1701.5076488771062,910.6095675822866,1.8685369772631462
Informal,363763217,71.8291387627602,676.2243381671194,391.9538278818995,1.7252652992864101
Informal,9682333407,1228.067585773515,804.0066193944812,1917.638088968669,0.41926921665750105
Informal,10993905402,30.547823352682858,724.0562124757842,458.4891792625522,1.5792220301477515
Informal,6749258343,38.29078867513398,1024.852547573447,780.7305296070083,1.3126840935621167
Informal,2450403841,84.64859871467837,1482.0493318130755,1153.3066216919758,1.2850436336165423
Informal,7463488389,92.8954332046842,2613.836851301596,2010.704557035979,1.2999606740607914
Informal,13269534716,57.8161100310999,1068.8628506513355,208.5017083987113,5.126398526228776
Informal,4950818818,111.61995985231592,2774.008047457296,1168.263350789812,2.3744715141341293
Informal,13778884794,53.45249413756006,632.6375668240134,374.3370384980818,1.6900212956812586
Informal,1512572193,48.1006500652286,1159.8878432244746,907.4629284188211,1.2781655392198588
Informal,12101090800,114.18354181914097,2376.04022946258,1670.728099532989,1.4221585368240013
Informal,6141530561,32.26894395678566,1171.4537125130983,844.408105368713,1.3873075176150518
Informal,287911720,35.73922297206582,477.0011367310498,348.33774813716707,1.3693638983485024
Informal,12638260408,43.10268982677222,731.6706578825924,488.9817958428796,1.4963147178544332
Informal,2125917517,1286.0186337103805,2482.2738325781656,3453.913326648063,0.7186844595741928
Informal,2668105088,16.73617645236768,1425.6347285718518,985.3891878326549,1.446773260936127
Informal,3149567583,3.101405509215526,728.2754780448921,685.5985670895429,1.0622476664974934
Informal,11397183157,16.49937765554196,1492.5950277289005,1141.2168671034267,1.3078977981786428
Informal,10024341842,50.85551699761484,1539.2132152722193,1385.5085765091735,1.1109373419761202
Informal,9898893783,1450.6295473334642,1918.3788058762445,2770.643432495817,0.6923946919247398
Informal,10991573673,218.29745810706123,2002.3425595154563,1717.0850783295225,1.166128915093391
Informal,802168816,19.641299467254946,473.9141356539742,414.75529141340667,1.1426355382687596
Informal,9979444290,33.813059795346874,1058.4907217058317,932.9282638994215,1.1345896170854428
Informal,2337700243,56.07243795790169,172.72155801491613,255.6588152044991,0.6755939859799388
Informal,10168698492,11.026213603911785,604.2868276854861,464.18131128386824,1.3018336003534983
Informal,335545599,53.16588207140973,620.683812732619,459.23725661716315,1.3515536986365275
Informal,6905012676,381.24995286682696,2330.551283269974,1633.0903217839598,1.4270804573283613
Informal,6196924950,34.83033094171764,1876.8876252482926,1534.6190613480496,1.2230316125485794
Informal,3874237277,54.809184708641006,830.1423595282414,369.881044057965,2.244349562823629
Informal,9189214462,11.385937606389755,2173.9633833790845,1708.1865218097696,1.2726733033087272
Informal,10114106719,40.473185863010045,1839.4645401640257,1456.6214202015167,1.262829527736551
Informal,10074313983,64.94941887694037,773.8071173470014,584.4211254918737,1.3240574024351575
Informal,421264367,13.170155188745213,949.1274478591879,609.0270863917577,1.5584322422872667
Informal,13337809607,96.88494730935693,1526.3085467749463,1170.7514463269936,1.3036999027961438
Informal,529022884,38.02800072819366,1766.0422846977842,1238.5447146707454,1.4259011110206616
Informal,10091468334,5.762971982182814,1241.636663753708,1043.4127451027016,1.189976516562001
Informal,11064985088,49.787694608963406,1486.5691400259652,671.5212721664502,2.2137335057607657
Informal,3039641638,38.32017562534613,257.49497239954746,183.17260350633757,1.4057504641551837
Informal,1635308325,5.185844247478244,787.1283939969451,616.3096923772497,1.2771637437029555
Informal,7465559594,117.56786864464968,2066.9611617027936,1717.4479720939105,1.2035072941294152
Informal,3544504259,43.04634592664184,1230.8217484550025,967.0754597099848,1.272725655580292
Informal,443220442,33.75227864686001,213.316616695734,198.20721799983065,1.076230315163983
Informal,582575966,37.17297667465739,2431.375257199474,1906.0488711596777,1.275610134655245
Informal,6904228569,70.01257329278302,2201.6309688384345,1689.3458977978912,1.3032446295979532
Informal,4950785047,41.670895256094354,907.0114577531548,794.4062498222723,1.141747635993643
Informal,5267709561,27.910097271337893,2055.8988060715164,1554.5972943937454,1.3224639033437056
Informal,10081235824,50.794732309034224,944.1438231539056,714.5912045897248,1.3212362775945108
Informal,10057951018,72.67856672376251,1485.8286437988793,1087.162431970905,1.366703447529213
Informal,7462946369,117.22291184675582,2387.7958434727566,1599.7119398902985,1.492641133650913
Informal,10039097486,21.004313153471553,3040.679895444996,1781.95673246584,1.7063713389030255
Informal,2227651305,12.330929185327804,943.9619981669432,817.7353310328373,1.1543612735610627
Informal,3306161403,64.89094358566686,2411.1050237403833,594.3861231639283,4.056462507748375
Informal,2244850389,53.45917633138131,795.8548308230077,722.5636466868374,1.1014321499181858
Informal,11248572462,64.83446119216825,663.6458195615293,519.555972204777,1.2773326745630418
Informal,2223841059,29.774979202821157,1493.1804351479534,1274.4653318125304,1.171613223110878
Informal,2073297122,16.286281613591417,1364.0022143447295,439.68540649031894,3.102223076341203
Informal,6143276816,48.60954472170897,1630.4515361063018,1301.8773388181232,1.2523849117663162
Informal,10017551217,89.06634559117127,3562.382892489565,1433.515136360967,2.4850682089990417
Informal,11750100490,18.408534739471534,1458.7712231420421,880.0009361283284,1.6576928083282325
Informal,10038604772,10.912067258637062,688.4550084457244,517.4115766364511,1.3305751930043375
Informal,3872498891,1712.1809165836303,2141.146868305096,3445.406044477816,0.6214497915962202
Informal,9190540973,39.51454391304193,979.203780605339,714.8908257342274,1.369724922123108
Informal,582576045,21.02955239210776,2188.963281811286,1773.5107310112849,1.2342543202786842
Informal,6325047022,41.977353310946,2907.3438145224554,1623.1254000342503,1.7912009845087178
Informal,9720178452,119.53898256059756,849.1032133169543,674.6934951303153,1.2585021486726387
Informal,10094987709,167.82680731195373,2263.6522700445253,1642.735146620507,1.3779776214695296
Informal,7263317789,119.54594068313232,3802.6526476656372,1294.2820608375332,2.9380401403423075
Informal,13271649984,108.30946443409452,472.22315452326256,530.0213004756839,0.8909512770514154
Informal,12425915447,16.96565196784426,1726.01526768353,841.5280839842376,2.051048919855014
Informal,1446278604,16.995258815079726,771.4029454518969,677.8090165712483,1.1380830390160654
Informal,2244641188,58.157782667917296,1222.5374202037356,852.6443570136527,1.433818696092256
Informal,11248572495,55.31384835875733,659.8119365910532,656.4083201403098,1.0051852122319471
Informal,10232292384,73.94047179167104,747.7014790121133,534.2792959036567,1.3994580825885898
Informal,7410650612,267.094520091016,2694.1598847893974,2026.8085796426349,1.329262127588008
Informal,10989274930,53.829539887752034,1131.4395950900482,376.89213531196646,3.002024953780256
Informal,10168286866,42.61946123126339,2418.9162865410594,1382.7445228761865,1.7493587908123311
Informal,3148668088,35.50525944085027,1471.5093469973328,1061.3790441512565,1.3864126629464797
Informal,10081303330,104.02239755885526,3811.396562965283,1289.1881338830435,2.956431619863992
Informal,6749318310,232.12917480685655,1497.2126853897498,1166.0984430864307,1.2839505054366813
Informal,4044517811,68.34348073325843,1431.9334898161028,1182.5675540909888,1.210868237389445
Informal,14183557982,27.647708670606495,1188.7586504429134,785.7065713999276,1.512980409881071
Informal,6327694837,12.324878879020307,1172.2254598119227,682.6953768350054,1.7170549260878143
Informal,7164409463,82.54966029043034,1544.1169165351816,409.07488180520363,3.7746559009469345
Informal,1551518365,11.79241299373617,1725.086586789172,1419.5808682396168,1.215208393818666
Informal,1339731931,15.481459152598257,1751.6865207284927,1151.1519160410207,1.5216814534373517
Formal,1546937884,15.607941438815606,2493.0005614593965,2037.077216304007,1.2238125003344738
Formal,1338085319,76.1863571950633,1132.845588052249,947.6800960342649,1.1953881829879534
Formal,4950655047,54.17922353267791,1385.2731190604331,1110.4101382226013,1.2475328451861907
Formal,7287581962,11.50562540540548,1316.0891940262056,980.0365692452895,1.3428980461817919
Formal,10079434837,327.8221823803264,1664.865017968749,884.4000681990518,1.8824795223715858
Formal,10095222999,127.90929553307676,3097.0401026894037,1312.9214856326366,2.3588920865264704
Formal,4316656467,14.756796347142954,788.5266941186972,246.41612148652075,3.199980136696659
Formal,1836940258,27.188299254937025,661.924080692753,431.5876636061144,1.5336955536728538
Formal,12006313434,26.328192131530425,1474.1425027825085,1048.8696509360493,1.4054582487603968
Formal,1632150528,31.222268422120727,644.261598180715,559.2571658997941,1.1519952491697742
Formal,7279481336,17.14661898290038,3511.957638683216,1991.5461338193888,1.7634327315069427
Formal,11942790732,85.535211751966,1870.886404373152,1137.4824556450808,1.644760668692818
Formal,11420163781,92.39327006843138,175.58927963488784,308.77787624800123,0.5686588746852438
Formal,11271112790,206.46301689744806,3188.7243916996485,1012.7425813954064,3.1486030609141245
Formal,7478079911,112.7481983511706,1034.3513580907647,639.1688198800516,1.6182756822913769
Formal,10172883122,26.198290386735632,881.786261622398,601.4765535942619,1.4660359682402926
Formal,2421937951,16.012752594583738,727.2576058520867,646.8466126436285,1.1243123047051644
Formal,503959916,114.56628621679232,1054.179860987528,825.8157684812476,1.2765315234005077
Formal,7401727014,47.57666848741461,1054.3046127425569,830.69873098648,1.269178070719499
Formal,5346743605,83.197970971679,1262.735484193921,467.6545823674989,2.700145645534636
Formal,10805316216,36.38625584323406,835.6911238614862,591.2762288361574,1.413368376919912
Formal,10166416834,355.59207218064313,1966.4540401299241,1670.075494849327,1.1774641602697944
Formal,10170456460,214.3690317796553,2794.7646443766807,1384.0796307951634,2.0192224364800953
Formal,4973437108,85.50249935025732,2254.8464570962597,1220.975809837229,1.8467576826086818
Formal,10310636442,23.26913965125332,751.8026053438344,166.91402381912462,4.5041308581627675
Formal,10731190930,11.317333193544309,1195.596133993162,801.7773550574407,1.4911822171723814
Formal,442438285,26.002767904439132,862.5677854960699,676.5163010477737,1.2750140449833118
Formal,3055481191,30.364489134582083,1243.4349046048007,943.0807343902628,1.318481927646129
Formal,845774814,3.3405055814153184,276.3271342001726,150.459807559959,1.8365511606151355
Formal,2126405024,97.40438935759659,1577.1686683574565,1027.909013029456,1.534346569945156
Formal,10209164532,221.72441479716383,2723.989721628401,1976.0490956020135,1.3785030582949782
Formal,1473276627,28.830544553605243,793.0967187341918,709.8406987557767,1.1172883157085076
Formal,4952592475,11.486711325185764,1403.235288334371,969.6468368019907,1.447161208675115
Formal,7465515106,1652.8139055435433,3200.4325460522055,2988.347477772025,1.0709706852558865
Formal,6142424082,45.09231265010271,2245.222104645323,1281.1606848167498,1.7524906370089455
Formal,2358268311,129.5156481784334,2361.286866425495,1680.6251979041226,1.4050050358463109
Formal,6152864089,10.840849736129528,1778.225360499087,836.9168275297654,2.124733667678397
Formal,11420106157,7.888169758813687,1651.3804425648073,737.7064484728655,2.2385332892010754
Formal,11295829605,81.78696466221587,1078.2540097861233,528.2429744397158,2.041208424834765
Formal,11395593597,618.9122174400683,3540.2192601139914,2091.607112484132,1.6925832958702225
Formal,11880636874,34.75630066163376,1414.721997901481,851.0622862121899,1.6623013624513465
Formal,5524203065,6.861109673125809,2411.1295975078037,1351.643345339502,1.783850455685248
Formal,12054372210,17.764508179827693,1606.9004677931262,1094.9068411593012,1.4676138712328437
Formal,10978556362,65.16628366516407,1472.3616222206383,1261.9045367160263,1.1667773428030495
Formal,7438207012,49.37036732456281,1617.4526841685883,844.2542995509633,1.9158358862120914
Formal,10094515804,13.036736091583185,704.0769928419368,493.27184682788106,1.4273609924622612
Formal,11124698222,42.2514723275092,976.1848772310799,658.9757522077119,1.4813669151871651
Formal,3874502575,17.328114674852273,1217.1425523787336,792.5392301164633,1.5357505422159041
Formal,10038954493,28.207887891347507,1186.5652613388977,691.3817819560998,1.7162229209768798
Formal,7291852135,32.51666640688991,1090.3887113627484,531.5402094702957,2.051375779170819
Formal,7401660108,26.001510931800553,1605.6372924918371,888.297820647029,1.807543883561826
Formal,11270808410,29.535715068544313,2368.739215676652,1032.0670045506467,2.295140921308671
Formal,1593070754,29.258488255037555,3067.4100675861073,1990.113538109189,1.5413241550532137
Formal,599212695,33.67057331061452,1256.1726621580176,927.1349472700789,1.3548973273597122
Formal,1635308044,21.57271575416569,967.1218915190558,932.6476167344989,1.0369638802115448
Formal,3881296517,87.2731573672963,1664.9996283301803,1385.058604040403,1.2021149310745058
Formal,7462733017,190.614695766979,1765.917427887158,1750.302834994862,1.0089210807296338
Formal,3034669880,28.216061597261827,3818.460389991396,1815.7365025715142,2.102981564000916
Formal,2523956784,37.2667460780324,318.59753835660564,164.95971716747627,1.93136569234747
Formal,13041329905,132.25441438861824,3949.201307636989,1229.9407074015703,3.2108875524416574
Formal,1371947601,21.331757253201655,2114.0537856824785,1342.662176439126,1.5745239739225843
Formal,11882902617,219.01330133363913,534.6781614117194,438.8101155076681,1.2184727345976054
Formal,7089243679,1544.251471684078,783.811502216773,1867.6592413921317,0.4196758620874164
Formal,2246196493,61.51001068237208,616.2910852348188,432.61542568790026,1.4245702964818152
Formal,1471803535,175.06483815982324,1025.2582304547666,1007.45422426838,1.0176722730993717
Formal,9720178454,100.4166210798063,1131.2302383277772,1101.2681898968099,1.0272068590610748
Formal,1857076779,181.67464327737585,459.9381637212153,449.47883356832267,1.0232699058815697
Formal,4950655348,48.41922956565865,518.5484733041231,538.0041779795631,0.9638372609883729
Formal,12157162698,615.6538396739344,648.113507119311,1057.1758082168585,0.6130612354935419
Formal,1600051369,717.4980561188272,2061.851465378718,1815.9316707001954,1.1354234846202664
Formal,1371947789,12.852131298540414,2403.0901116281757,1444.4975297446697,1.6636166294122687
Formal,10172883122,180.80837718277198,881.786261622398,748.5366016565429,1.178013552939119
Formal,5329386822,92.23289313257358,680.8378575991378,610.180945246951,1.1157966549145364
Formal,7379052269,12.246407003533804,2107.4331129962034,1686.272989564024,1.2497579727829642
Formal,11428198337,15.548989631840438,1980.966273074545,700.9054262424246,2.8262961005945777
Formal,10094717782,5.767652056325266,1558.7842643113977,1351.6060718836334,1.1532829696000368
Formal,11434313032,23.478158795354258,476.27983289234544,358.6671430032089,1.327915986126681
Formal,11021727626,11.67906352042625,1583.731132067036,303.8405263146385,5.212376213524004
Formal,1473298133,14.430448207074278,535.0933841858043,319.2920712949812,1.6758743241433418
Formal,431549517,67.93129331652408,2922.5711056679725,1417.7777089996976,2.0613747043109956
Formal,7325438592,27.293655807540844,302.105272068309,292.93107806244825,1.0313186093689415
Formal,2353496875,33.60288672396504,959.6264260689884,714.3901166947334,1.3432806580652168
Formal,1650435003,14.65817227137566,1241.37636429589,996.3896148361484,1.2458744509295476
Formal,7290877380,5.525396476089194,759.0761016344952,562.4696112455607,1.3495415333702372
Formal,11871703672,23.966884357472225,2220.599656723843,1757.8000238981524,1.2632834375547293
Formal,7401559848,29.937951635686396,2313.6017081952655,1419.2162524040384,1.6301967401206192
Formal,10188122033,349.82988254161904,3044.1686453366556,2303.5167533012905,1.3215309335058658
Formal,3428358307,20.433838845227108,323.86998784149637,168.0761442234929,1.9269241886632198
Formal,12213392965,612.4707235843449,1226.5397931788934,1544.8484275902774,0.7939547798175283
Formal,10093887241,66.35779192023736,2714.300526240185,1416.6403281837756,1.9160124643070788
Formal,3872475873,475.298253503843,2082.9557752845158,2195.802353773845,0.9486080437543097
Formal,463681308,18.839544346600874,904.671561598715,686.4502790516784,1.3178981627751776
Formal,10017876347,20.89136958890416,1903.0930843930314,1128.936844961174,1.6857391916006441
Formal,306617751,36.859850367871594,539.8837873021474,308.82681591397187,1.748176516680921
Formal,11612563168,56.03239624915147,930.9482795900799,839.2063600920671,1.1093198572612677
Formal,1471802132,7.647989458991059,1414.3008877783927,960.9546501454856,1.4717665267182711
Formal,3772206703,189.97900502897673,2867.0524070676756,1309.5881040927154,2.189277986038193
Formal,4030912982,16.776839468080418,1540.6895449213807,1073.658478229927,1.434990340188454
Formal,1625434264,10.646221716706108,747.2616576806755,462.53070051201513,1.6155936391972838
Formal,10118334816,31.41225678103636,1986.5536038819744,885.1314752230905,2.244359916566382
Formal,1387699207,21.424772310558012,1423.5036708164098,589.0174001184082,2.4167429867610832
Formal,13787816805,138.42940606595283,1126.5527983743607,624.5280720674195,1.8038465343039796
Formal,11665603815,87.83359269435945,3380.315295544504,1626.5871395222277,2.078164282386613
Formal,802168838,112.79752844393455,444.2980262437741,221.77561609083753,2.0033673407169936
Formal,6424022039,22.425733605234573,1423.0375495856129,1080.7757145377664,1.3166816486010953
Formal,274576768,95.04764822964734,1171.825531896482,902.4493316364078,1.2984945423712768
Formal,1472148088,4.133385324165284,615.8849400126835,362.3621234865383,1.6996393941144448
Formal,9189188864,11.2003149989094,1231.0994179193367,847.6249258532796,1.4524105891294128
Formal,11640004211,4.902936568350376,1611.1882265650504,294.47370399132467,5.471416308916048
Formal,14184277577,7.9847575100105255,907.7230775911139,690.1327200571632,1.3152876993224258
Formal,7484384369,18.92093617297266,1922.1755644620266,1055.370500095181,1.821327736836183
Formal,1517474457,20.480120712242787,672.2259437474218,516.3832195241054,1.3017966470075069
Formal,266313975,37.85453683385499,322.3277679817106,354.0074611731947,0.910511227400416
Formal,9192285842,16.824793411380114,2058.882455057024,1669.7231896825767,1.2330681323581716
Formal,3874201677,58.31003741957842,1525.3253160648912,1222.5177463304715,1.2476917579669757
Formal,1615766990,141.48403669179027,1075.964696336231,781.9822921963698,1.3759450911786593
Formal,12174515969,6.683452309418822,1050.8014435609218,528.1808437077659,1.9894728407498126
Formal,3872407617,1192.4799692737122,1909.1253921648204,2704.5370649095394,0.7058972927141881
Formal,7456293798,12.794764786739934,1743.8627249811198,913.0525549687944,1.9099259023931214
Formal,11029840886,59.609025803793095,1327.4100573224828,1018.2663458496331,1.30359808387353
Formal,503260570,34.37824735905151,875.5515170483322,633.4406803588715,1.3822154847274641
Formal,11400071295,72.34318893423868,888.6096114509976,620.1323750487139,1.4329353654228965
Formal,1597376356,65.10930375239047,541.5281164977303,530.8068538828652,1.0201980485678335
Formal,7291372830,24.45571174140377,828.9364324215577,552.6539098377898,1.4999196018804246
Formal,10060196485,59.75113186059365,583.4624467157009,188.3301894723972,3.0980824070227824
Formal,2244849939,36.19727096635748,996.9329499980843,769.8980781088022,1.2948895163460812
Formal,12949522159,37.75875412807232,563.1736912662127,401.7576091806544,1.4017747975321506
Formal,1521343800,19.694132793087107,1005.550098842336,746.4871098034575,1.347042816462145
Formal,11932630842,28.491917044973516,850.1342369508706,652.9305605434412,1.302028559121654
Formal,12092210562,45.55580694320034,250.1738999699016,286.91567929105213,0.8719422395738818
Formal,13807520642,76.80967423627301,1992.3602981103302,917.4812509785037,2.1715542371960805
Formal,1534876203,24.929916451325845,418.330812437026,384.08469377016013,1.0891629352128234
Formal,13566334771,14.129099251035043,1132.2397173185639,881.6390352859868,1.2842440863014726
Formal,2248035414,152.37129666649483,2386.74050002711,1657.9352095691497,1.4395861106341763
Formal,267216122,1776.392354755943,2485.631126552399,3296.824686128227,0.7539470136252562
Formal,7456293846,184.75120564942048,2593.3643075391346,1478.9104760502726,1.7535640929836638
Formal,10244197903,211.4516691433996,1611.5504374516092,346.76739282675584,4.647352867623098
Formal,1148858402,25.918297038567214,808.1330991665661,576.0777014205369,1.4028196147391387
Formal,6455388341,36.561966166374155,563.5627038032076,242.39903241031266,2.324937926522974
Formal,1468908327,40.84048301253117,574.0881289036797,445.6537099610717,1.2881933125920277
Formal,7308427703,14.532648877099374,2528.4257119735075,1783.8871177736355,1.417368670237995
Formal,1557137061,27.816111062676562,2924.777426166938,2365.561630721854,1.2363987427689376
Formal,13132528816,6.87411522885809,420.3591513202928,201.5587018783126,2.0855420649319174
Formal,7371583741,25.02965757731042,652.6620487330381,262.8666535316575,2.48286361150954
Formal,13146447679,112.13702186761489,2914.675878790674,1854.8014577827958,1.5714220336417233
Formal,12154761432,8.82144824100366,380.30105441350656,267.59412069686846,1.421186136014972
Formal,11871762328,32.33522828252254,2203.2026549433995,1423.9209458361292,1.547278773717086
Formal,11011999563,56.76184838159006,1603.1540096976269,777.0396398575067,2.0631560186448312
Formal,6275956273,27.83513709051634,2034.6270913088872,1512.521966679674,1.345188457510704
Formal,3750773811,102.69251585064026,1897.7894687335315,1229.5517828964441,1.543480718040948
Formal,10209363193,290.6411039569666,1040.6860782132908,686.1781380138441,1.5166412634852762
Formal,3038858766,66.80589973688154,1608.6875011916004,1111.7571926537357,1.4469773722369224
Formal,2125917517,970.6492841853706,2482.2738325781656,2551.6781579228136,0.9728005175224973
Formal,10839118575,189.50193065722428,2214.84696456114,800.7314532926425,2.7660296788062877
Formal,14172795321,197.7822622536913,2201.0167356012953,1691.6233719093302,1.3011269364982905
Formal,463393284,93.05810584157743,1388.8019018011387,841.6616873417271,1.6500714273777612
Formal,14118123631,10.248611482431057,478.3863061115723,210.03083414340438,2.277695596756716
Formal,3872407617,460.53362704955754,1909.1253921648204,2009.2145098857304,0.9501849517667467
Formal,10182468149,44.14290530925328,2385.1547849810877,1421.8684899182254,1.677479177499927
Formal,10072905741,16.47364590498253,254.9960994500771,198.23924296113543,1.2863048488339355
Formal,5283773702,35.90900756178229,1183.5834192704306,490.31169636658575,2.4139408218104474
Formal,1387622147,12.040903401439412,1077.8060968584768,944.0578047140762,1.1416738376363602
Formal,1283697986,9.539129389555132,1517.28258609618,1024.858491436095,1.4804800845920396
Formal,11176390028,85.86834139345524,2328.111312344682,1973.269502377748,1.1798243015155088
Formal,12201002308,15.343915037550351,857.7491490734815,593.012873624244,1.446425848786859
Formal,10041221687,5.221240570631363,1725.9191429420403,1389.7262992410533,1.2419129895466365
Formal,11100588545,12.05920869384667,809.7215230418781,727.650192092452,1.1127895406904509
Formal,11387370296,45.38281495937668,2190.4149064349676,1962.4673540038452,1.1161535512761838
Formal,3149523772,72.90208080666152,625.9700658257327,446.89440953386736,1.4007113368874988
Formal,10019824694,10.287365142514414,730.8325521173194,580.5670254872548,1.2588254586177205
Formal,4950780715,53.012365087362845,445.1956272385737,390.85731348637864,1.1390234028564206
Formal,10969119509,109.24157778868091,1649.506839274855,1342.3822030318927,1.2287907538920684
Formal,10118156829,10.476349007084282,1510.41330722629,1200.6047345547286,1.2580437705723866
Formal,6816543195,21.71644801006653,326.85461156139075,207.32093742086107,1.5765634461601752
Formal,11025251306,9.123222775803814,793.4998160221686,606.4640092338266,1.3084038029307508
Formal,10081348520,14.299556037058439,700.743964045771,239.20990151311298,2.92941036141582
Formal,7436997175,11.98153967865232,1260.2072423064449,862.4610519032091,1.4611758287815104
Formal,11395593597,1320.8895241368102,3540.2192601139914,2381.5453763657424,1.4865218589772977
Formal,459820590,10.62816264221336,778.0586280346027,618.8356104437089,1.2572945300880956
Formal,6532037211,41.23779937350612,1379.2143804511707,885.3185753225341,1.5578735371600028
Formal,3527330551,17.438784579295376,1243.4447197693291,749.5805167557116,1.658854108363342
Formal,7433661862,31.259543218657996,3245.0871188298656,2540.7814277378475,1.27720042479966
Formal,7456578879,83.1065135152248,879.2193873765608,546.0955182202517,1.610010260186668
Formal,7146681137,87.51942073322095,2196.7203748022744,1637.2724907709064,1.3416950368279583
Formal,2248738158,32.00664358021824,3246.829546531798,2593.6785584965583,1.251824184571986
Formal,10038954434,52.585191302712104,338.2933932017026,325.31880633353916,1.0398826831267203
Formal,305092010,20.68982015781589,450.8750168592638,272.9310313664904,1.6519741804435242
Formal,267216122,1312.8615337737494,2485.631126552399,2989.4459923189934,0.8314688182823562
Formal,1548580604,21.352146315739496,2752.875803323778,2191.0630309927933,1.2564110499716759
Formal,7453283591,58.1549816468797,424.7337380831931,398.15971990434576,1.0667421058695528
Formal,10044274795,63.25907656224401,1020.7583126533964,654.4558004431562,1.5597055018264077
Formal,2245022030,15.94105631522347,1239.0167834701779,1023.7909727827924,1.2102243684590954
Formal,7432551792,35.62791235939115,2146.9916158436267,1482.881105705553,1.4478514882837425
Formal,7425453149,6.536026155545314,375.61559157511226,202.11879333084636,1.8583902337090972
Formal,3872407617,1312.6599501073908,1909.1253921648204,2842.96291830397,0.6715266596947911
Formal,7436997419,44.91043348094857,1972.8222049902804,1451.4743449348898,1.3591850327046444
Formal,10209140706,6.198026829296164,2801.431724363011,2255.088426631758,1.242271341238393
Formal,4105324822,17.36156542888503,717.7061977715849,567.7621193176797,1.2640966583577358
Formal,13345732370,49.00322959625874,833.9749784029605,824.2096873470932,1.011848066342558
Formal,9895066282,17.211994090615374,1068.4409865773255,747.3851884769003,1.4295720641115544
Formal,7410650328,9.33913316531814,1234.7962189297007,868.7020039636047,1.4214266955707793
Formal,12042250161,33.165201742197524,1996.8257470752592,1427.2786141955332,1.3990441159946503
Formal,2248441102,11.818927875794955,1345.0380715725569,995.2749627294673,1.3514235984434797
Formal,2460302048,274.9434719910445,248.6269850855702,497.81983650429197,0.4994316554989802
Formal,12696683347,10.078806115240887,844.9451332299432,609.3810458787692,1.3865628721869325
Formal,10017991042,55.5666909478288,1842.9474749715098,1436.4173568458523,1.2830167125091931
Formal,1597357513,124.21868370095073,1070.432043640428,964.480487885816,1.1098534984226196
Formal,2245002498,20.92172842738193,490.57261728050105,360.81961998019364,1.3596062689368995
Formal,1383118536,24.142787299635465,200.2291689724156,165.17472822297654,1.2122264169983532
Formal,11882781149,175.26866484983427,1156.7742770724399,718.4887198740672,1.610010352389656
Formal,1551615834,11.453457000617812,1426.7736688124198,1148.2749181345916,1.2425366489152772
Formal,6885681223,157.5950882762236,3186.455384583517,2172.393821344585,1.466794534800917
Formal,10676264305,184.9427381601076,1160.7107250451168,1128.1782986023145,1.0288362455501106
Formal,12809954407,209.78847197524493,10404.704897576183,2696.2940765131175,3.8588909823336786
Formal,14180719247,144.33373684705964,2626.8759681239176,1444.7357632299559,1.8182397328152822
Formal,560640963,47.49207336911729,846.9860135493038,875.8323129693836,0.9670641297507276
Formal,7279470781,249.1854296734411,3200.7831872357265,1499.9203094700513,2.1339688295617654
Formal,2248030720,104.30732756503497,2200.1164963520923,1445.4359083526522,1.5221127990790968
Formal,13254533522,413.94134834791623,2057.862955760149,1089.8083014462518,1.8882797580356296
Formal,12520332181,11.107117200343847,1284.8414786009807,853.8308994925544,1.5047961831371797
Formal,9184322766,5.606518774213376,1641.157298368893,1407.8426805574563,1.1657249215651369
Formal,3038945356,73.55663702788196,1603.4473017672053,1218.0695967398772,1.3163839784350408
Formal,4316707244,23.917383785236712,2251.2185857886993,1780.939083521156,1.2640626547078397
Formal,599212565,24.48374471819288,967.8528282052046,576.4789252464619,1.6789040948746194
Formal,1600051369,1333.163989471739,2061.851465378718,2552.2883037062693,0.8078442636690493
Formal,7462770151,22.74005860272787,1050.0355396733926,791.6429977039126,1.3264003379287428
Formal,2146206192,152.2653800514915,3742.5900551441264,1752.9238662165615,2.1350556788424466
Formal,10093880465,247.63349032429105,1143.2720900979057,630.3796573111372,1.813624657519079
Formal,515736998,69.45417604804219,1406.2237332910765,1000.7380594479098,1.4051866220286118
Formal,10170657218,16.01334799009795,853.9689460464427,706.8796955024756,1.2080824381854833
Formal,2146206429,21.057300024874436,2827.032697258076,1619.6928543258311,1.7454128353457354
Formal,13253856821,135.94039702869685,1246.251511921081,1084.4753119567888,1.1491746268270404
Formal,11438331932,28.13326135267047,373.34097453263615,288.32550401106107,1.2948593493772707
Formal,2451422003,49.9400113141467,2420.5598605393434,1840.0975438366236,1.3154519273431828
Formal,7380160877,43.338897070583975,1772.4514892972295,927.1514103389488,1.9117174061669766
Formal,10980542757,19.018932170041136,2077.432705083456,1453.4199565563706,1.4293409800190005
Formal,10297757301,19.51593432966049,1097.5647003261126,1046.8521901129743,1.0484428563001482
Formal,4952632610,21.97733726449098,1741.464652179316,891.0726785385654,1.9543463671621777
Formal,7405050890,239.25218925155048,600.3379436338819,642.5005617145617,0.9343773054950089
Formal,10185501040,28.283576712751973,887.1160536810479,726.2573138802107,1.2214900101197044
Formal,308298681,270.1883328746716,1925.9909847261806,1566.1783871245102,1.229739217805376
Formal,13296006687,10.575734096049251,2183.7007243363378,1624.9439580018977,1.3438621766510102
Formal,7433661833,1213.325661914812,3856.9765142551464,3757.7228355650996,1.0264132515976583
Formal,10081533753,37.13978127921012,1906.069093576218,972.7042635689802,1.9595566350070257
Formal,3161294430,19.9626867860597,1602.8066574753984,695.3214403763982,2.305130497065863
Formal,10011192393,130.03482407840636,1498.7139591816172,763.4852170618542,1.96299014792869
Formal,2230808633,103.00051273724267,1207.8538244475826,447.04782761106554,2.7018447464606026
Formal,7478072757,55.000912405728975,1327.9302235315026,1096.8711066994101,1.210652933987268
Formal,11414260120,64.73928553220944,1671.758641885715,1193.5038020429347,1.4007149696751244
Formal,10058424482,102.23279069170123,908.600268702578,557.9856707349219,1.6283577094477395
Formal,12645040005,103.87150837734397,1144.9545655137404,823.974192248629,1.3895514887294644
Formal,10094467607,30.81479459485263,905.630926686761,680.4115505929875,1.3310046337359969
Formal,9189037756,40.979054921272635,2008.6983331597862,1668.6013935596657,1.203821560327589
Formal,267216122,1510.7728127940177,2485.631126552399,3169.4441231500286,0.7842482877035215
Formal,956279427,48.19982633126088,1024.1705685565303,885.07346669476,1.1571588202516316
Formal,1588411059,14.624527242621935,2534.253144088753,1814.37830989268,1.3967611551962684
Formal,11237717830,32.01699356059038,2004.8418720968375,1745.9167469125712,1.1483032485037685
Formal,10079340497,15.078013037901687,1523.2301710232778,918.6430655642096,1.658130592960765
Formal,3038945349,26.629281352049404,1184.5886011415728,684.4996225549539,1.7305905834103947
Formal,7089243661,1302.9328187609137,770.6996398208619,1546.4377191739625,0.49837095297477285
Formal,7485602301,34.330622800103875,1209.117964460512,794.6113865384638,1.5216469143838323
Formal,9190541015,30.758649094204333,1301.4993769771158,547.1445528451543,2.378712115855514
Formal,2246195702,43.272632304322535,1451.8869191761894,522.2674275322848,2.7799683507668846
Formal,2248079802,169.75184021386602,4611.619972510614,1760.7641565410179,2.6191014596583106
Formal,7279192598,32.841120458130675,77.46677475928351,134.79894944458235,0.5746838167394704
Formal,10079855568,11.97591256954199,1415.0966847269335,1224.1961322216832,1.1559395161286796
Formal,2250290027,15.545447516970336,1501.7230396904774,1133.4617782526548,1.3248995850619105
Formal,419795558,1063.4057300571426,3833.2563111625914,3705.8928826564,1.0343678116284074
Formal,10091943428,146.58458187149242,1237.7448062494043,683.4120637120293,1.8111251936737178
Formal,966890233,26.65003943925083,78.83022484392069,77.86361809968648,1.0124141000357407
Formal,12836403602,106.38824224024287,1728.9136954208711,668.4900307852774,2.586296901675423
Formal,2247917393,3.414458871987717,1958.6682411667502,1468.2157142109977,1.3340466405642009
Formal,1600051184,1692.362782642057,2235.1868760216807,3008.3686320466772,0.7429896895650786
Formal,7328379076,394.9043798288504,406.8993263522378,563.225328159694,0.7224450073681127
Formal,10991752105,4.412017676686785,2085.452055748899,1074.6951846551026,1.9405056294340561
Formal,11403024190,67.15296860132912,233.4149018878523,139.57011709991806,1.672384509935969
Formal,12951130512,8.928076003665947,1646.581293321044,1411.9168509650115,1.166202735094241
Formal,10060658522,31.508148174789888,1057.2627468778687,610.036703041423,1.7331133382741364
Formal,3715148251,65.66124648457772,893.0059240363645,753.2715985715913,1.1855032444204026
Formal,3874194389,33.27625774862613,1530.3741062171337,1237.919509867069,1.2362468593628264
Formal,7463040541,42.31740288514446,1354.031997569275,912.864614609175,1.4832779975253803
Formal,442437867,40.586168332877385,872.367315002595,505.1034338498847,1.7271062846542833
Formal,10053214734,60.49249760373017,965.512560177699,781.6198468976582,1.2352712946196707
Formal,10170587639,11.361594844544108,1551.5203960389424,1074.7918519969699,1.4435542967284392
Formal,10997293460,1100.2070865753185,2535.5275093140385,2651.713177091036,0.9561846775960684
Formal,4950460607,76.5650867277538,1110.9315785840904,665.5178511512648,1.6692738995089524
Formal,2248035414,391.44047921913125,2386.74050002711,1912.6491526214265,1.2478715695222546
Formal,7207641480,331.0084357876738,2623.0120242475323,2144.848724382736,1.222935675802687
Formal,10150933631,54.927029386400434,716.9637122537193,541.8582444424776,1.3231573379332988
Formal,2012346822,31.034080235036505,727.3531028664353,517.8056754259328,1.4046835277889422
Formal,7375240652,144.87641567471485,2320.7723569663312,2030.704639430249,1.1428409193064462
Formal,3306702765,14.547292044520814,727.8023782129586,376.8673713634495,1.9311896797535935
Formal,10156044754,5.5776515640466755,1017.0355766303875,697.7708791217945,1.4575494722714935
Formal,3496616936,11.093176977341754,495.34700375374337,369.78429008239846,1.3395566470478395
Formal,7211391924,47.75958532425645,3334.920895048767,1909.409697377935,1.7465716758579322
Formal,10116085908,167.64216725212495,1917.2145333680444,971.3844943906431,1.9736927493069854
Formal,10041460009,39.19000286472408,2825.4681763229673,1881.327295048386,1.5018482875146393
Formal,7465559431,257.63315092516757,1565.9717318098226,946.7970075024313,1.6539677664811392
Formal,7451389276,14.705186041856598,648.198472453648,574.0434855062043,1.1291800862125492
Formal,2012346821,56.66250558251052,937.2643573599737,691.9188414470801,1.354587129611585
Formal,292565408,34.578191960255054,1713.1989850515506,1194.2659287528818,1.4345205232812488
Formal,2246196063,111.56829533379164,1544.703131562394,777.17265829714,1.9875932523758455
Formal,4603982451,46.96313100349052,945.3916552948224,497.4403976134278,1.90051242285615
Formal,10185449292,88.17074823566284,2277.979470267252,1484.3786374293431,1.5346350404316462
Formal,1551874420,64.81445092947149,1605.8500388329082,1377.4952235835406,1.165775395326094
Formal,10060658568,42.630949682761575,871.5706847630203,677.5410784628749,1.2863731993052536
Formal,4672644145,40.04221949022448,2433.6252833110207,1805.8156093072494,1.3476598999189142
Formal,5328726547,21.651226829946985,1954.6877690304214,1325.944202779705,1.4741855388278184
Formal,10094820759,40.32995791339359,2923.3909641672544,1692.7579863463684,1.7269987722681326
Formal,3874522595,16.704950988631342,2292.898551971123,1179.650638170764,1.9437098389796381
Formal,7432960784,115.5621956547677,2285.775527420363,2119.0598305813755,1.078674369846956
Formal,10072954807,35.010002381645826,1025.2315508209783,744.0027291782227,1.3779943414366005
Formal,7452512522,24.96878165350582,771.9176918796713,482.33278536135504,1.6003840404532412
Formal,7433399732,7.084723850447383,3258.3448884195345,2700.911270419934,1.2063872383015868
Formal,7441214433,106.17504867241936,1230.454959067393,742.8815838063757,1.6563271803869326
Formal,11696327767,15.154338433058886,745.7187273948568,426.5953375697451,1.7480705055125867
Formal,7328007822,1762.4140017519017,2469.069902937263,3387.5634914317393,0.7288630631373705
Formal,3787449206,17.347910234575203,1718.5611613710219,1117.0644188147494,1.5384620013181378
Formal,13826455860,43.26731929540537,1483.5298089271696,507.91900237196654,2.920799974009891
Formal,362457632,15.634906547800396,832.2628964851458,590.9144438810174,1.4084321429325641
Formal,11015138859,1006.4423086319101,1512.153306883412,1284.7366056655762,1.1770142613006804
Formal,3872407617,155.67423317206172,1909.1253921648204,1487.9363289836926,1.283069278554959
Formal,13638128424,48.36991156030862,62.79160371671949,111.14434219348378,0.5649554667156136
Formal,1986357895,65.99475748060743,1359.6413806066703,963.518058614706,1.4111218450451142
Formal,3034669905,34.49441833060693,3893.433481539506,1722.6859320711023,2.2600947793534356
Formal,10023967363,8.08828467057431,653.5558765313503,435.64711596909,1.5001955770498465
Formal,7479631076,30.714519101889998,2172.5240139699326,1634.8401761996336,1.3288907659586666
Formal,7410650420,97.95566585656671,1406.2448406380136,1317.6070949966868,1.0672717580057882
Formal,2400001914,83.77702147590979,1230.7255875530427,1034.7919567961142,1.189345915833721
Formal,7457455961,6.054006049217407,1832.55611270821,1391.840984275225,1.3166418674346474
Formal,650085190,29.945750495122827,686.9699888914769,695.7101238560117,0.9874371025160708
Formal,7452889794,25.98552295886348,2573.462146781473,1350.3866971132732,1.9057223773625533
Formal,11271107913,69.58041849810995,1707.740253672853,218.33183220435697,7.821764863285812
Formal,13952127831,55.12206149145685,847.6141900986415,647.6151783338136,1.3088238485691241
Formal,4597826524,90.19103730002178,1949.8652438688798,1571.972004245885,1.2403943827258423
Formal,1595758008,74.67401954957515,1714.6770861550388,1394.070082675816,1.2299791147255963
Formal,1568957417,17.611086186096557,1059.6124518279596,762.7226661288827,1.3892499841468056
Formal,7432960970,763.2024722781994,2190.9194467846078,2084.830993047872,1.0508858771240934
Formal,7375354074,16.15692004766489,1531.0546703514942,776.0734504945602,1.9728218628994652
Formal,7180809387,131.00293532914054,1666.6274844077216,264.39517800935573,6.303547201412075
Formal,7465537764,39.22328463297181,3262.017572398788,1987.811153377232,1.6410097945454816
Formal,13637712170,2.287889136637696,1216.8123730308876,838.6926282108299,1.4508442450802206
Formal,3148609358,142.00515877437817,305.20837298995104,333.83901884833926,0.9142381679734239
Formal,4544191580,30.340722849163225,941.0089687576206,855.986378407541,1.0993270366150614
Formal,11385520401,17.38912605950834,2360.6917029958217,1769.5932919077306,1.3340306576608068
Formal,308229703,36.5277388482866,227.53550728568663,265.0416692377579,0.8584895648298002
Formal,9908894888,57.0843131048562,1841.3988776304745,582.2158708948125,3.162742497555783
Formal,11379415185,23.33031417177923,1755.779951299939,1282.9872248067031,1.3685093018478556
Formal,11886524569,29.90653981233178,1449.8648450176495,949.3074360397042,1.5272869356908838
Formal,3686621215,59.15342721904483,1443.473909940438,1113.1063560115856,1.2967978326101786
Formal,459820576,12.32911173642911,279.8714755263104,303.12508712480945,0.9232870765694013
Formal,7410650582,124.53021744921845,2713.4208557713846,1890.3721580917327,1.4353897692349067
Formal,362585040,4.340284867717051,1297.9176137600004,905.4686955577399,1.4334207467664295
Formal,10081957866,128.93207138046077,1063.9061427519546,1009.7031148811692,1.0536821438618267
Formal,683067727,70.5914834246831,797.7054258398927,542.8939982817145,1.4693576063921658
Formal,7466947831,450.7226409394662,1799.6024574577577,1941.0784619744743,0.9271147419910031
Formal,2421937601,21.688324901635585,1098.0779043867258,413.18295354592345,2.6576069873237866
Formal,13347238599,77.89482334029816,937.8632214897309,574.5639308648836,1.6323043809554452
Formal,1371947740,23.043856920271526,2122.966513637036,958.9429747672706,2.2138610631693365
Formal,3384271576,150.78320972081156,1527.1709730321757,995.9719549498747,1.5333473652970833
Formal,9192226724,27.6253237660082,599.9886186937374,453.7753838172471,1.3222149990740266
Formal,12114277336,71.11441234620061,1739.8266440784737,1020.7373424055919,1.7044802534393322
Formal,3158788651,60.268389565179554,447.9945520216266,69.6316166650385,6.433780708793471
Formal,1469644226,58.95340493663142,316.9735176450172,51.052581956274146,6.208765658835841
Formal,12300983063,36.82355834283695,3272.2832447104743,1588.9110938098327,2.0594501841284987
Formal,3357164003,11.614036447303985,1739.553329774326,1330.0000864749252,1.307934749376516
Formal,1838767884,22.200414927058272,2048.496642236858,1401.0803665498859,1.462083611435662
Formal,13827337195,29.992027113903063,262.0974425025358,88.23900970386225,2.970312601899743
Formal,11271107912,130.97479948763126,1237.1024415969578,613.4408688153477,2.0166612700356925
Formal,267216122,575.3062524977901,2485.631126552399,2581.1609998791337,0.9629895720060826
Formal,2248506208,50.16130865577426,1239.2878128222646,677.266871207149,1.82983675344016
Formal,7374274755,47.28012664636301,1060.705405382254,984.8751248798368,1.0769948175020352
Formal,1625434002,5.938374867524899,535.514274249131,358.89908853877756,1.4921026309356895
Formal,9901156092,28.83808763542898,1645.979761422973,1015.9722952685166,1.6201029979739245
Formal,7375240652,147.91806051114162,2320.7723569663312,1807.827153236035,1.28373575582827
Formal,7410650209,24.13466182074467,1508.8815640017358,1060.6405004847802,1.422613565399474
Formal,3772206703,152.99281583204404,2867.0524070676756,1394.1451955656744,2.056494844430009
Formal,14218998643,36.855835160572944,1379.7373427740633,837.0410420259658,1.6483508854411257
Formal,956034560,25.227089580910192,235.81790151541418,248.21766564408077,0.9500447959798051
Formal,3423474400,80.08793573973091,1427.5772552154415,1091.1634029787192,1.3083074920936322
Formal,10839620876,50.506407162573744,878.0079295334915,351.5540908522066,2.4975045160336538
Formal,702719455,46.376666500210064,538.8804407610255,401.46236546128586,1.3422937917028521
Formal,12459243377,70.44352161963774,773.69372218535,548.8634767138836,1.4096287237357348
Formal,7478155001,89.57545740390495,2298.394623972579,1291.8879277468773,1.779097532075483
Formal,427593376,42.305335263382474,707.0390214534839,478.97716307160636,1.4761434906820028
Formal,10091492711,14.677227962693015,569.603766409159,424.63377522482426,1.341400047859075
Formal,7147081175,15.233302658380342,2157.3661125772537,1785.6536579443496,1.208166042154457
Formal,1600051342,38.05373134488155,1946.8334216254796,1694.3354760350128,1.1490247646713672
Formal,7466820981,12.694226800276168,2681.056438334136,1598.181208020817,1.677567240109367
Formal,5330455169,11.25003229106079,1579.9394063332088,1225.721480599562,1.2889872873569785
Formal,10074625657,44.446931858302264,915.082530142139,861.9376697561102,1.0616574286642635
Formal,3157767865,39.689006769858715,326.81874450010326,255.46275633025706,1.2793205130754897
Formal,4030004527,150.21185826180425,1131.5630004292268,1119.7489078894043,1.0105506622570328
Formal,6175819001,22.591883259043797,396.62769762512323,345.2349772671684,1.1488630171970766
Formal,2244981156,23.947651508783263,617.5235449578529,369.2071035215572,1.6725668034764587
Formal,12143515330,52.08499491904317,1365.8663966652052,1202.882497836832,1.1354944469817048
Formal,4030913183,5.331979410688396,1519.0520278482916,989.1931739251523,1.5356475033290427
Formal,10029189757,74.34394744695014,954.3494887935242,641.4687534873055,1.4877567825482718
Formal,12106511663,213.66713183135218,1943.0606472102795,715.1077837517364,2.717157736720778
Formal,9613161508,13.598912745438266,2885.862898111627,1744.5490992696468,1.6542170692242424
Formal,11268733245,62.65128446895195,866.9885505527817,751.1949632235666,1.1541458516073053
Formal,1473933535,21.44445330633359,1764.9105434519595,1391.537810532543,1.2683166279014195
Formal,1600083045,26.832180354854938,1797.5934851780958,1392.351656403141,1.291048476806366
Formal,9188956705,31.87972982542025,1599.8945747004498,1119.1395558884767,1.4295755755235595
Formal,7328007224,185.38480752303062,2014.3593672280908,1650.6117540779123,1.2203713939704617
Formal,11015416514,82.88034779354462,1661.3765270111337,833.0447441520773,1.9943424872119948
Formal,11438422823,105.94308436802302,804.2857888105499,671.7019962869603,1.1973848421718074
Formal,2787014196,49.57856499637179,1991.24768432966,1448.1037344359681,1.375072542786615
Formal,11414546372,52.91252464092857,4249.422287484414,2370.686825198843,1.7924857228360351
Formal,7463893346,129.38766100734296,2951.3306885629904,2035.2098801806392,1.4501357905657568
Formal,12956525476,49.85410758085496,1237.4344720218937,954.4246520429245,1.2965240046694027
Formal,7466952556,175.62333013792428,2042.7118457989607,1615.0836524219408,1.2647715446415169
Formal,7265940625,3.655646209119989,1817.2519620682835,1511.5859452548323,1.2022154398649958
Formal,9898893784,502.3018469819788,2014.341064791199,1769.898583420635,1.1381110102354772
Formal,10062966625,59.892683577476014,663.2321295428833,612.5462522474899,1.0827462042407772
Formal,11402284824,15.136474989038543,1764.5795771534101,1386.592128672566,1.2726017555304492
Formal,333512388,36.653196344648315,2252.9742659282424,1738.1731530318375,1.2961736648609803
Formal,12090696760,85.33898234443528,784.0985383404048,687.5685324482401,1.140393286394955
Formal,10098671215,49.513504140097965,2071.8673090255957,1850.5098795667516,1.1196196961189253
Formal,6536382425,277.65557333395674,1193.61418965804,942.8039724499306,1.2660258383896756
Formal,11870935874,73.11580742960584,1853.6311311970483,1169.9959960712692,1.5843055338833278
Formal,308926591,17.498564513401607,681.2267052168968,576.4599177457839,1.1817416688410842
Formal,10091723753,77.80259267153909,492.17759133276644,452.89908629012217,1.0867268365771947
Formal,6194165347,33.591229299155145,1941.4610948205232,912.5199556352534,2.1275820685685383
Formal,3125527734,187.30534024121957,1725.0403613140957,293.7494203158795,5.872489414478152
Formal,7432960804,7.209302380105298,2045.7270222877125,1860.034877327892,1.099832614551069
Formal,4161879609,165.93851451792338,785.9285030478111,107.54054359782506,7.308206530803755
Formal,2248506198,15.375467777491954,1346.0016246986784,760.93042520493,1.7688892178758393
Formal,1514061949,10.177286899783828,350.283812136145,334.45441102176943,1.047329024801964
Formal,10064058078,35.32373248211395,1232.7418604053146,1005.224708735916,1.2263346192071867
Formal,10063169631,184.0926891074641,488.3996185017435,568.9545860973033,0.8584158216420753
Formal,7208903928,19.440823703073494,500.4043609744454,469.0005980509659,1.0669588973958342
Formal,3396930845,528.8549959816921,2441.022512443873,2308.210015920837,1.0575391734751014
Formal,3036852934,73.60659088321263,1475.1388503611083,715.1739780762396,2.06262936793242
Formal,599212454,19.146479391738932,1839.8465585310262,1254.0139615939552,1.4671659286730983
Formal,7428873599,9.333293776658234,2416.360654204705,1554.8373126773997,1.5540922735149563
Formal,9501965917,15.549585684115288,147.35937089237737,95.15606013397675,1.5486073160752978
Formal,9184332372,42.482196792437634,1750.0613559851618,1308.44773019563,1.337509566181528
Formal,9605784279,25.352879933263107,764.6162730192603,623.4411615863945,1.2264449640662718
Formal,1597724645,20.04399793440005,845.0598488064912,477.0253500773046,1.7715197917040355
Formal,1851131448,26.653891629843358,2599.1989315709648,1124.7445474810954,2.31092378922126
Formal,10046672264,45.70146768955691,828.1847298829694,457.05701392744237,1.8119943566043675
Formal,3351214660,17.158711886505092,565.0509949709128,453.51141440873795,1.2459465782302166
Formal,1534836674,28.187214759319716,1718.3410766039533,910.0695845826405,1.8881425175768154
Formal,3307191851,155.2409547161682,1093.8166586716945,967.6026402350109,1.13043992770217
Formal,442437824,31.716045650539765,684.4012715830848,407.039739035312,1.6814114346798725
Formal,7362917556,319.83924746177786,2044.2206868956207,1538.2371389025543,1.3289372848935745
Formal,6142690281,32.24674155600611,1231.3544450708998,612.0426946288763,2.0118767136295204
Formal,1586879240,9.23367221404433,2659.340319106138,1945.9808700178703,1.3665809156087525
Formal,1534291597,14.001451209305595,1548.9811361947286,1065.580654852901,1.453649828513975
Formal,6894164142,21.774095405606694,1714.630325612299,794.8383679149857,2.1572062885063095
Formal,1446278631,18.05062491317559,1207.3544059565318,752.4558865038264,1.604551745307387
Formal,7438096618,14.825191697643024,2927.3469786675187,1441.4764517165154,2.0307976416691536
Formal,9783706529,13.092607084128504,2169.5738947680793,1779.2508499193807,1.2193749379781857
Formal,6144175608,6.284471186335981,1971.780335871323,1525.108536776237,1.2928786957282774
Formal,610180791,11.049133431463598,1264.840348888172,1223.9088940991228,1.0334432203135329
Formal,1157234877,51.503765281089116,1053.6490829880854,893.6622836093767,1.1790237792430318
Formal,11425473459,652.2561161015144,880.3545855173751,1225.534101435714,0.7183436058499221
Formal,1339732374,37.53029683567578,393.4061197058983,348.5142385534782,1.1288093173430893
Formal,7425433250,27.468951906403905,1462.978192639712,797.8651540223187,1.8336158500773279
Formal,3148620674,58.49548267995614,516.3001693518177,429.22462420757665,1.2028670775936903
Formal,9720205430,63.403933173200606,1166.9130427291075,498.7826001928175,2.339522353582516
Formal,2552835009,6.821186754592932,1813.1752740801849,1310.0086408558532,1.3840941330704533
Formal,6152700969,11.506716970388757,663.9709334578039,596.9830251745245,1.1122107421123002
Formal,1522842928,20.575090998731653,900.4325900840144,636.3674076230113,1.4149571132930132
Formal,9022691329,39.174781818929326,1111.512517150868,566.5956800129206,1.9617384254068457
Formal,6894433644,13.21935482658271,530.1880668885174,405.6903819659457,1.306878571582755
Formal,4030913249,19.03632986715487,1413.6691710962782,986.4085026918398,1.4331477955010261
Formal,1511677126,8.547570888460749,872.371421236507,601.4348018916531,1.4504837739563703
Formal,1600051369,671.503469222837,2061.851465378718,2015.6530805749505,1.022919809588756
Formal,10208905161,319.4202925051682,874.8449758198669,834.5383702009149,1.0482980855742419
Formal,2248662820,9.187243988562797,3303.2187605955223,2578.349445706749,1.2811369560847405
Formal,1517474003,14.340623657722887,1537.1644932782465,1140.9434102040868,1.3472749652003209
Formal,10089395851,220.11442555060134,2311.0156648879283,676.0136658289117,3.418593116833247
Formal,10091549244,44.2483349985153,1218.2541479458002,954.5706090901791,1.276232618461764
Formal,1473298137,16.163776287040065,603.5347982730308,337.0398048506059,1.790692937709686
Formal,7462770139,20.692287757626527,729.0525380414233,516.6627447231833,1.4110801397767394
Formal,7968683932,49.43825178408936,784.1429384628893,405.6583612313417,1.9330131297742505
Formal,13633184174,30.120893553906686,1128.134430769354,750.7739191267308,1.5026286902474626
Formal,12644728977,319.0413129176635,0.0,296.94269096891645,0.0
Formal,1290203325,41.24534873922714,439.1791305259802,342.4950401713183,1.2822934028659214
Formal,6142543545,55.13389027726035,1227.1798238658175,1003.2681157196811,1.223182322489653
Formal,1584612349,35.80416319311209,1350.6639178983326,870.461565125712,1.551664050443479
Formal,9605839335,14.031848932391071,372.758754541669,371.49971464277974,1.0033890736634883
Formal,10041221668,34.343861413733734,2057.5339485745435,1700.2859844912155,1.210110515137975
Formal,3544519408,1885.7362357104453,2032.450493263419,2418.673835625975,0.8403160704541224
Formal,9187690252,15.6945196125257,1048.634279374549,769.7772792519244,1.3622567301461794
Formal,7147090331,65.47048898088119,800.514866606147,619.6424952029286,1.291897945675892
Formal,2244641330,30.224077837592493,1271.087611801976,1003.7855920764871,1.2662939394981083
Formal,9828540942,42.41121840877872,1094.1120738988893,653.1780869835331,1.675059368497266
Formal,3148668104,14.185615914620918,1726.8363987053085,1209.4835753002405,1.427746878064583
Formal,7287518839,27.891107670402448,1673.8181480337878,860.8092578695037,1.944470430274501
Formal,11373113812,8.011537012459627,2347.480517894075,1885.3044058591095,1.2451466779574822
Formal,10094545715,114.29150134890453,1148.5620488893105,980.9714671293242,1.170841443788795
Formal,5283546965,54.79236120156286,752.491400295778,641.9352974836845,1.1722231247377441
Formal,12047244104,54.34016435772515,69.34152869729185,88.07559725183981,0.7872955831229788
Formal,2246325013,30.11425563344049,820.5494363823485,550.3349500262053,1.4910000470500309
Formal,2146206211,17.467103722359408,4278.077910249062,2632.0918940751394,1.6253527925370126
Formal,11001411047,16.731759074096384,1192.771108718276,529.5707224514521,2.2523358224880385
Formal,10053214709,57.82197676855036,1422.6218024893371,1207.052253753581,1.178591728788375
Formal,7375628262,13.694839811651985,1192.7394215882155,865.0351871386556,1.3788334154747308
Formal,5348521953,41.967725472069056,785.5692977853561,715.7902723270679,1.0974852944444653
Formal,443723786,33.21312853790207,995.2935141448726,340.6021287822015,2.9221588182771296
Formal,7291406346,20.812209039299944,131.69135394361587,183.4348484992543,0.7179189506303173
Formal,3039042407,4.30403292145241,1635.1994332895033,1312.3850466820368,1.2459753617458562
Formal,7433661843,32.228755277982955,3873.6668269045117,2919.441757011776,1.3268518947503998
Formal,4043198026,87.37735693635906,718.9432451835107,159.62549466100873,4.503937461307833
Formal,1572424130,15.005083595473208,521.9947780496356,354.26076652701397,1.4734761152554303
Formal,7207641480,513.163541012386,2623.0120242475323,2243.825396229927,1.1689911472856642
Formal,10168917374,57.32680681247097,1016.8164780658319,708.3076864697497,1.4355575938102685
Formal,7462847752,24.640703789489837,1084.677067055291,686.8448740885859,1.5792169498165238
Formal,435688315,20.496713406696585,912.4298928607144,754.7225142506551,1.2089607446872617
Formal,6521517403,13.500876822067186,671.116918745862,395.2610077713106,1.6979082316517182
Formal,9778567088,44.536311023560735,2102.3913898351566,1597.983683864649,1.315652600876763
Formal,1542410645,27.76883750793144,2648.8548444536295,1686.133228213932,1.5709641445471532
Formal,1851131166,14.199384357443787,2923.8292482881147,1157.1076039672425,2.5268429990983687
Formal,10063679677,11.538139087242495,3038.9202568897026,2456.465190651449,1.2371110604192146
Formal,1370783368,23.486255516301156,205.0684343160451,202.53682679808543,1.0124994923539683
Formal,7428733887,216.1456025449056,1268.145170759965,1000.6259163401654,1.267351914487947
Formal,13146447679,377.45102604779106,2914.675878790674,1750.4376758640253,1.6651126281042679
Formal,10038682874,4.090096273214111,610.235901027125,360.58913462347056,1.6923302518927454
Formal,1466575058,36.257697491144214,688.2043725636413,113.17961441119203,6.080638957324338
Formal,12886607235,36.693634106953695,1938.9611714742225,1302.4121471886033,1.4887462280351722
Formal,11882781147,506.785264662087,941.4457311876942,1204.9834834929657,0.7812934733832724
Formal,11395649433,112.05953608923215,3629.0655138549,1630.5180769160827,2.2257131431003914
Formal,7378185589,78.93969003441622,844.8801594772791,551.8574478666696,1.5309753682646765
Formal,1533670801,15.999919641504784,1646.734178544676,792.1032902549373,2.0789386924711257
Formal,2194023367,41.21648233119985,1012.7488534745829,731.4406792803601,1.3845946529402664
Formal,6142941167,115.66040011827914,1843.79114422952,1484.0814356502513,1.2423786861949806
Formal,7433661841,387.2222097318785,3982.4068794592063,2874.7752896152147,1.385293276258906
Formal,7374134400,22.749658292661156,1297.0273569272117,328.7812639083886,3.944955200636416
Formal,2247838093,27.986650602853697,4910.436939167968,2145.433693384781,2.2887852252478296
Formal,9781262679,50.18500396018588,1268.2146429429204,726.3691427072268,1.7459643704249312
Formal,12649758577,4.456524869059702,1389.2889486828656,947.1136209950355,1.46686618995436
Formal,2460535483,15.662863628059876,1043.0109138218734,808.2531847004213,1.29045073198006
Formal,11017305111,71.55686552485086,1260.9288556981105,1021.643979375843,1.2342155204286085
Formal,6884147281,30.32101630141835,615.3063115059343,379.39525112819086,1.6218081530441544
Formal,12165336146,505.9314618742683,3314.136806510033,2299.3039014754095,1.441365277718804
Formal,1597724640,81.77231157283222,1539.8267942209004,446.2151209458736,3.4508619765211477
Formal,11230938568,29.35988857181399,2245.4630405105004,1131.4734466440666,1.984547712693135
Formal,10207078193,21.117324873920165,1902.3236790847625,1208.5990159750017,1.5739907561898177
Formal,1911440425,27.152568577280256,565.3001986885781,242.63475937191967,2.329840127407569
Formal,1377861114,57.22169676990304,679.1057299249128,506.75899734326634,1.340096048585602
Formal,1600051369,1466.719999634134,2061.851465378718,2660.2223304815734,0.7750673474744745
Formal,8184247496,335.98246107257415,226.20996575189184,487.42634813342613,0.46409055771841456
Formal,7424534001,94.65344699348654,1080.8368973164495,1010.7089566798205,1.0693849007403669
Formal,6182561847,16.579925937150826,2267.7584463255607,1610.7607847509262,1.4078803431238407
Formal,7288202093,33.20034928459285,1522.2997347284472,1033.9720270390792,1.4722832870902334
Formal,10094964429,143.66943841544932,2391.2253458282703,1761.5236851826305,1.3574755570660146
Formal,10079431058,3.8116198194417565,814.1495949144397,715.8396625641567,1.137335128928361
Formal,12495125042,24.634832026454855,779.192736225459,546.3724204107258,1.4261201830789971
Formal,10038552638,167.0136306486625,2766.241319448493,972.4906989158993,2.844491286685012
Formal,410605156,12.50407729016158,982.8842984145782,717.9718912844518,1.3689732290998162
Formal,2247896583,22.91999933087179,204.71504240692957,209.9287433504682,0.9751644255077803
Formal,3448461102,10.82199872907276,2375.304636304789,2064.4478090694893,1.1505762586342216
Formal,1344698561,78.19708297926176,1066.0310687204346,741.4864791326502,1.4376945483448582
Formal,2246716656,127.94119095895445,2032.3949322811968,1503.62823140098,1.3516605300683584
Formal,5329082016,14.2259084226803,1823.4291968692903,1308.3414959989466,1.3936951495045744
Formal,12809954407,1010.6995161824938,10404.704897576183,3424.302697122076,3.03848865531681
Formal,3034693666,84.55151043531298,5330.3834240462,2539.9278919044996,2.098635729398345
Formal,7429013790,717.1266078366451,2251.4351337349162,2264.2109088216134,0.9943575154430528
Formal,11031785099,31.53935390808387,2019.2284364777333,1345.6770180071067,1.5005297775450823
Formal,1469265716,10.775527158540484,403.6494306622341,281.82880213893105,1.4322504570106005
Formal,766836749,43.90785137492275,1488.5076293274556,1021.753168622402,1.456817238290892
Formal,9188956695,33.13036599686054,2014.7872896425436,1624.8029901618752,1.2400194373361013
Formal,2248506242,33.484505215693346,1839.2211352992513,1241.2585303881315,1.4817389691768255
Formal,7121595606,230.5248207767715,3139.03343281724,2112.5878247607657,1.4858712125602216
Formal,529372267,29.49874039847686,856.8257027597228,439.8708901159699,1.9479027187587357
Formal,9612008953,146.06956196649406,1616.8894631499745,804.7675216822797,2.0091385643521518
Formal,1611279059,6.558504744988307,1259.5547253229047,724.6485732856316,1.738159394438539
Formal,10020519600,26.100880739975285,568.4683811109936,465.17377220542244,1.2220559607560073
Formal,11425473459,458.2099589126461,880.3545855173751,1010.798772995861,0.8709494006488866
Formal,2247837827,40.66380798222285,5078.366185037585,2922.188222859313,1.737864161285438
Formal,12201193302,164.70753493417396,1247.9160257123613,910.0591688092471,1.371247132584992
Formal,10026545983,16.818380259778607,2884.2917443648535,2107.9566931680147,1.368287950939873
Formal,6194285080,2.613079481527118,1267.7832061333697,452.06113225472427,2.8044508047177303
Formal,3907567629,39.117038597460436,2180.4166299089015,1849.7584895526622,1.1787574660280133
Formal,7260480235,29.747308699482147,163.19552362269405,136.2224238835514,1.1980077799981037
Formal,12054372210,118.769160952802,1606.9004677931262,1195.4943882867306,1.3441304982585354
Formal,7210937144,179.00973741128132,2147.2963820411073,1403.4171395555074,1.5300485661171292
Formal,10068956830,11.818198195946458,408.82826069966814,348.2798463316813,1.173849894002549
Formal,11818132202,75.5777879129087,1387.5293316159502,916.7523552921627,1.5135268795396266
Formal,3801692755,51.09371566259113,384.00130357559857,173.1529862837829,2.2176995720203947
Formal,10094514841,248.30193564428205,2105.7260201486565,892.5273011168777,2.359284716012187
Formal,10042269514,33.48815921317089,1828.5300170846895,1403.0163175114258,1.3032849256721482
Formal,9187853919,32.83994627810983,2232.5402663992836,1809.5406341898752,1.2337607811712854
Formal,1573026794,12.256079059655631,834.3856168115088,556.0993811007846,1.5004253649048551
Formal,13146416446,76.37624676961146,2783.9384251472356,1979.155397538344,1.4066295292476143
Formal,7465950654,108.14069228998203,2420.3283688870642,1201.6965138314795,2.0140928604095794
Formal,11576910659,113.62550871746639,1555.5679618212332,1004.8993151762037,1.5479839008035077
Formal,3868712291,19.901206603667557,394.90275325774587,255.6544627188266,1.5446738111200784
Formal,4952439956,70.15901975426256,968.4438014215746,270.4583082057917,3.5807507924093267
Formal,7772056463,28.966754573403495,665.398651063371,445.53400642610455,1.4934856631953475
Formal,3148776360,40.51202571545174,768.4674387251175,631.6178193556113,1.2166652288390514
Formal,1466727611,38.14200693918032,1280.2088306477272,877.49377968281,1.4589377842774995
Formal,10148760742,955.3036677356732,3437.760554406085,2805.2600755589147,1.2254694615867843
Formal,2223841060,11.351776829580936,1248.8421183274497,1028.8727883804675,1.21379643084276
Formal,3307191852,19.188868010929458,1062.3983018801644,837.0693646876325,1.2691878913483083
Formal,427593315,45.858880287938,630.9742571485109,506.41491464634066,1.2459630214271185
Formal,1898355604,17.175381658608103,1510.2166324129623,1318.4787292479898,1.1454235847053311
Formal,7777853346,15.261816112445757,478.496036423189,307.22953397994576,1.557454552707236
Formal,10020489229,93.35424660461126,1267.662675258102,876.1235446709666,1.4468994503899335
Formal,3874228360,81.14404390555494,1909.7011650182826,963.230576983472,1.9826002316069031
Formal,7436454562,193.95919955524775,661.4854726122813,343.8721665150639,1.9236377265308673
Formal,11780856593,25.306442016332497,970.8256570506055,645.9684126131212,1.502899581611656
Formal,12196931957,480.76156705445726,2074.7542925802572,2124.7697186438822,0.9764607780199602
Formal,1625433951,48.82877417544828,2549.1956107460646,1386.2553452928262,1.8389076871026127
Formal,10092008185,22.41123449349279,1447.449448840588,934.0758492101877,1.54960590198803
Formal,2250084254,87.4697556647957,1736.2342348632878,1166.123460204101,1.488894010038528
Formal,7451422703,8.670046654152491,2086.8149631877964,1539.0832494511224,1.3558817977728037
Formal,12145839287,47.45640447701849,467.6030922572251,465.9850092957623,1.003472392736213
Formal,2125917517,758.5840338759442,2482.2738325781656,2738.880157140238,0.9063097653641026
Formal,10093880773,5.563584817866202,1230.0102786603984,815.7686497666347,1.5077930231963008
Formal,10036417966,54.16102729300237,944.3716154396516,808.216272176402,1.168463996519897
Formal,503308905,38.35025524377259,1061.249573761463,863.8388320525478,1.2285272835441443
Formal,7433767432,169.2409295593903,2884.747713790023,1942.7415035873264,1.4848849980624061
Formal,10055568976,88.71547936853894,1977.1832619800275,992.8124104877143,1.9914973272833545
Formal,419638288,29.231789888206116,1226.8456068481269,855.9033303186325,1.433392724843589
Formal,12956525480,38.68834635275944,1398.4796909570077,995.6558639287418,1.404581383610568
Formal,1070361682,54.57764669417615,771.9800747018872,634.1032588782678,1.217435904788637
Formal,10156290210,6.579065527203821,893.6345997037741,689.4162229466889,1.2962192793842582
Formal,12809954407,1525.8755490343249,10404.704897576183,3893.0352252586836,2.672645967873258
Formal,3396935693,49.569488981211755,1363.1591715850952,1037.4400789188094,1.3139642464996544
Formal,7175141932,75.69616558297609,1611.8495970765275,1139.1417624164505,1.4149684001202154
Formal,1835530692,19.479637312211647,1733.7389531122699,1371.8151529332774,1.2638284023945285
Formal,10063011084,10.75355614979755,1898.4255417562931,1381.705157105927,1.3739729724485297
Formal,599226582,18.723664715129203,770.7663674926274,657.1660195762679,1.172864001686526
Formal,7772056463,22.43388459749982,665.398651063371,455.092873350893,1.4621161745820719
Formal,7463684266,48.94954126826214,2896.5591790909502,2432.0120422074892,1.191013501915805
Formal,10980123351,29.227407435722082,1942.985351000888,1638.6400719545989,1.1857304018467343
Formal,9613161441,47.21516594099753,2924.9784152893726,1986.4474969804585,1.4724670144746075
Formal,7413294129,282.1569283880578,1301.5420771558015,846.2564148900013,1.5379996585609097
Formal,13271597233,11.231194615526276,1318.2268549507921,969.9709725751243,1.3590374271212486
Formal,429415733,3.3887416143183984,624.9696926015665,491.49574227455287,1.2715668496115968
Formal,7361705104,44.75780193236692,3299.988798524993,1673.0997911721588,1.9723801389115292
Formal,10156655237,81.13413040941649,920.6141105332011,482.0367487033493,1.909842170767269
