threshold_m,formal_pct,informal_pct
250,2.6729559748427674,3.8461538461538463
500,9.433962264150944,13.186813186813188
750,19.18238993710692,26.923076923076923
1000,32.54716981132076,40.10989010989011
1250,45.911949685534594,52.197802197802204
1500,55.0314465408805,64.01098901098901
1750,65.72327044025157,72.52747252747253
2000,73.74213836477988,78.2967032967033
2250,81.60377358490565,85.16483516483517
2500,87.57861635220125,91.75824175824175
2750,90.09433962264151,94.23076923076923
3000,93.55345911949685,96.7032967032967
