nearest_school,slum_pop,slums,name
82,28193.492676515205,25,Haji Sir Ismail Sait Government Urdu and English Higher Primary School
8,26241.780480448404,22,Nammura Government Model Primary School
9,23452.681018889183,27,Government School
81,16339.289955049402,14,Gangamma Thimmaiah Govt School
88,16223.070433683955,10,Jindal Government School
53,12997.966693593942,16,Government School
43,11334.65506292605,12,Government School
72,11268.313998772117,18,Government Higher Primary School
58,9810.964668184168,15,Government Kannada High School
19,6306.471415366379,14,Govt. Urdu English Medium High School
36,6297.956912538117,16,Government Model Primary School
15,6209.919074398864,11,Government school
44,6138.1031287099795,9,Prameelabhai BBMP High School
87,3918.745200946284,14,Government School
42,3683.584226959827,11,Government Girls High School
34,3385.99809182111,2,GLPS Sheenivagilu
92,3301.594597491096,12,Government School
45,3115.562499700808,4,Government Kannada Higher Primary School
46,3056.2742198270907,14,Government Model Primary and High School
110,3051.217433615292,4,Government Kannada Medium Primary School
100,2751.9334906447166,12,"Government Kannada Primary School, Yediyur"
108,2079.8864722158396,4,Government Telugu High School
4,2039.6201231395496,12,Hennur Government School
59,1843.4789607328528,6,Jindal Government School
63,1614.5761565563726,6,BBMP Vidya Mandir School
102,1435.828713798523,4,Government School
32,1389.5118025237439,5,Government High School
75,1320.5510133032706,7,Government Higher Primary School
94,1180.8798998664408,1,Government Model Primary School
76,1094.5914103190105,1,Government Girls Tamil School
6,976.4624576344208,1,Government School
95,577.8350003111595,2,"Government Moedl Primary School, Domlut"
91,441.1071088117712,10,Government Urdu Higher Primary School
101,249.6451528558544,11,Government Higher Primary School
37,243.217105141808,13,Government School
0,237.51969383464143,3,Government School
39,215.08722152756712,8,Government Lower Primary School
50,207.3921360950844,4,Government Public School
1,200.95748364317652,11,Government School
38,200.40537650164435,2,BBMP High School
67,179.03753554400276,1,Government Girls High School
18,143.0107489389532,2,Government School
98,127.90839041120866,3,Government School
103,119.020824879291,4,Government Higher Primary School
83,110.36041457793291,3,Government Model Primary School
57,107.66498974912307,8,Kowdenahalli Government School
31,106.81127387776094,2,"GLPS (U) Adugodi, Lakkasandra"
30,101.4169072487775,2,"GLPS Rajendranagar, Koramangala"
68,97.44149501089956,6,Government School
23,92.4505064197615,3,GHPS Suddagunte Palya
7,91.12549947102865,5,Kannada Government School
77,81.52408528281192,6,Government School
41,61.9449821172976,1,Government School
69,56.03805427177281,4,Government High School
84,54.64300808953303,7,Government Primary School
109,53.562543019126444,6,Government Deaf and Dumb School
52,52.13721859221364,5,Kalkere Government High School
27,50.1954927556655,3,Government Urdu Higher Primary School
3,49.343923435491675,5,Government Model Middle School
90,40.847490486444215,5,Government High-Tech Kannada and English Medium Higher Primary School
12,40.48807019532896,1,Government Higher Primary School Devarabisanahalli
96,39.19571590610579,5,"Government Lower Primary School, Geddalahalli"
104,32.106530419517966,1,Government Tamil Higher Primary School
29,31.702585362453085,1,"GULPS Parangipalya, BBMP Agara"
11,31.340688378203144,2,GHPS Yellukunte
61,27.893570720448217,3,Government School
35,26.180512417063994,2,GHS Ejipura
16,20.560769331688977,1,Government Primary School
5,19.321262321285175,2,Government School
51,12.626843774084952,1,Government School Munekolala
74,12.137239519755047,1,Nallurahalli Government School
99,12.073980021009257,2,Government Urdu High School
106,10.748965202593336,1,Gunjur Palya Government School
80,6.66729253133138,1,"Government Lower Primary School, Thubarahalli"
89,6.33459049206154,2,BBMP School
86,5.824357876123166,3,Doddakalasandra Government High School
14,5.097024978375902,2,Government Primary School
78,3.276971284080955,1,Government School
10,1.740957140455059,1,Government Primary School
105,1.620091256908342,1,Government Primary School
55,1.612870248158773,1,Government School
79,0.0,0,Government Urdu English Model Primary and High School
17,0.0,0,Government School
40,0.0,0,Bellandur Government School
2,0.0,0,Government Primary School Yelenahalli
107,0.0,0,Government Higher Primary School Jakkasandra
28,0.0,0,GHPS Ibaloor
47,0.0,0,Government School
48,0.0,0,Varthur Government High School
49,0.0,0,Siddapura Government Primary School
26,0.0,0,GHPS Eegipura
54,0.0,0,Gunjuru Government School
56,0.0,0,Government School Sorahunase
25,0.0,0,GHPS Ksrp Koramangala
24,0.0,0,Government Model Public School Venkatapura
97,0.0,0,BBMP Girls' School
60,0.0,0,Government High School Agara
62,0.0,0,Government High School
64,0.0,0,Government Kannada Primary School
93,0.0,0,Government Model Public School
65,0.0,0,Government High School
13,0.0,0,Government Higher Primary School
66,0.0,0,Government Lower Primary School
70,0.0,0,Government Higher Primary School
71,0.0,0,Government Primary School
22,0.0,0,GHPS Chunchaghatta
33,0.0,0,GLPS Mestri Palya
85,0.0,0,BBMP Girls School
21,0.0,0,GHPS Beratena Agrahara
20,0.0,0,GHPS Agara
73,0.0,0,Government School
