name,curated,keyword_any,college
Golden Chariot Public School,False,False,False
Manasa Public School,False,False,False
United Public School,False,False,False
Government School,True,True,False
Adithya public school,False,False,False
Naasih Montessori Public School,False,False,False
Auden Public School,False,False,False
Bangalore International Public School,False,False,False
Green Country Public School,False,False,False
BGS Public School,False,False,False
Government School,True,True,False
SSM Public School,False,False,False
Kripanidhi Cambridge Public School,False,False,False
Government Primary School Yelenahalli,True,True,False
Patel Public School,False,False,False
Government Model Middle School,True,True,False
Capitol Public School,False,False,False
Hennur Government School,True,True,False
Srinidhi Public School,False,False,False
Government School,True,True,False
Government School,True,True,False
Kannada Government School,True,True,False
Nammura Government Model Primary School,True,True,False
Government School,True,True,False
Government Primary School,True,True,False
GHPS Yellukunte,True,True,False
Government Higher Primary School Devarabisanahalli,True,True,False
Government Higher Primary School,True,True,False
Government Primary School,True,True,False
St. Thomas Public School,False,False,False
Government school,True,True,False
Government Primary School,True,True,False
Government School,True,True,False
Government School,True,True,False
Govt. Urdu English Medium High School,True,True,False
GHPS Agara,True,True,False
Budda HPS BTM layout,False,False,False
Vidya Jyothi KHPS BTM Layout,False,False,False
GHPS Beratena Agrahara,True,True,False
GKHPS Bommanahalli,False,False,False
GUHPS Bommanahalli,False,False,False
GHPS Chunchaghatta,True,True,False
GUHPS Rajendranagar,False,False,False
Koramangala K&T HPS,False,False,False
GMPS Koramangala,False,False,False
Shivaganga HPS Koramangala,False,False,False
GHPS Suddagunte Palya,True,True,False
Chikanna Madevi HPS Venkatapur,False,False,False
Government Model Public School Venkatapura,True,True,False
GHPS Ksrp Koramangala,True,True,False
Sri Sathyanarayana HPS Madival,False,False,False
GHPS Eegipura,True,True,False
GUHPS Madivala,False,False,False
Government Urdu Higher Primary School,True,True,False
Sadhguru Sai Baba HPS Roopena Bommanahalli,False,False,False
GHPS Ibaloor,True,True,False
GUHPS Mangammana Palya,False,False,False
GKHPS Hari Nagar,False,False,False
"Brilliant HPS HSR Layout, BBMP Agara",False,True,False
"GULPS Parangipalya, BBMP Agara",True,True,False
"Mount Carmel EHPS HSR Layout, BBMP Agara",False,True,False
"Florence Public School 4th Blk, Anjanapura",False,False,False
"Hillside Public LPS Ns Palya, B T M Layout W No 65",False,False,False
Newton Public School,False,False,False
Blue Bel Public School,False,False,False
New Pecidencny Public School Icse,False,False,False
"Sudarshan Public School (cbse), Gottigere",False,False,False
"Gk&TLPS L R Nagara, Koramangala",False,False,False
"GLPS Rajendranagar, Koramangala",True,True,False
"Glissy Public School, Kothanur",False,False,False
"Vidyakirana Public School, Kothanur",False,False,False
"GLPS (U) Adugodi, Lakkasandra",True,True,False
"Genises Public School, Lakkasandra",False,False,False
Khalsa Public LPS Madivala,False,False,False
Government High School,True,True,False
Carmel Garden Public School,False,False,False
GLPS Mestri Palya,True,True,False
GLPS Sheenivagilu,True,True,False
GHS Ejipura,True,True,False
Credence Public school,False,False,False
Government Model Primary School,True,True,False
Government School,True,True,False
Sri Sharada Nursery and Public School,False,False,False
S.G.K. Modern Public School,False,False,False
Chethana Public School,False,False,False
Athena Public School,False,False,False
,False,False,False
Sharada Shri Public School,False,False,False
BBMP High School,True,True,False
St. Anne Public School,False,False,False
Samskruthi Public School,False,False,False
SJM Public School,False,False,False
Government Lower Primary School,True,True,False
Kallavar Public School,False,False,False
BCR Public school,False,False,False
SG International Public School,False,False,False
Little Angels Public School,False,False,False
Bellandur Government School,True,True,False
AMB Public English High School,False,False,False
National Public School,False,False,False
Government School,True,True,False
Kendriya Vidyalaya IISc,False,False,False
"Government PU College,Domlur",False,True,True
Kendriya Vidyalaya Hebbal,False,False,False
Delhi Public School,False,False,False
Alpine Public School,False,False,False
Kendriya Vidyalaya - ASC,False,False,False
Kendriya Vidyalaya Malleswaram,False,False,False
National Public School Sadashivanagar,False,False,False
Karnataka Public School,False,False,False
Government Girls High School,True,True,False
Frank Anthony Public School,False,False,False
MES KK Public School,False,False,False
Kendriya Vidyalaya,False,False,False
Government School,True,True,False
Prameelabhai BBMP High School,True,True,False
Government Kannada Higher Primary School,True,True,False
Kendriya Vidyalaya - RWF,False,False,False
Government Model Primary and High School,True,True,False
Government School,True,True,False
National Public School Indiranagar,False,False,False
Varthur Government High School,True,True,False
Silicon City Public School,False,False,False
East West Public School,False,False,False
Siddapura Government Primary School,True,True,False
Navaprajna Public School,False,False,False
Government Public School,True,True,False
CMR National Public School,False,False,False
Government High School and PU College,False,True,True
Government School Munekolala,True,True,False
Jnana Sweekar Public School,False,False,False
St Anthony's Public School,False,False,False
The Regency Public School,False,False,False
Carmel Garden Public School,False,False,False
"AECS Magnolia Maruthi Public School, Arakere",False,False,False
Kalkere Government High School,True,True,False
National Public School HSR,False,False,False
National Public School Yeshwantpur,False,False,False
Government School,True,True,False
Gunjuru Government School,True,True,False
Government School,True,True,False
Government School Sorahunase,True,True,False
Amar Jyothi Public School & Pre-University College,False,False,True
Kowdenahalli Government School,True,True,False
Government Kannada High School,True,True,False
BGS National Public School,False,False,False
Jindal Government School,True,True,False
Shishya BEML Public School,False,False,False
"Cambridge Public School, BBMP Agara",False,True,False
Government High School Agara,True,True,False
Vidyanikethan Public School,False,False,False
Government School,True,True,False
Government High School,True,True,False
BBMP Vidya Mandir School,True,True,False
Government Kannada Primary School,True,True,False
Kendriya Vidyalaya NAL,False,False,False
Government High School,True,True,False
Government Lower Primary School,True,True,False
Government Girls High School,True,True,False
National Public School Jayanagar,False,False,False
Government School,True,True,False
VSS Public School,False,False,False
Government High School,True,True,False
Silicon City Public School,False,False,False
National Public School Chikkabanavara,False,False,False
Bangalore Public School,False,False,False
National Hill View Public School,False,False,False
Government Higher Primary School,True,True,False
Government Sanskrit College,False,True,True
"National Public School, Vidyaranyapura",False,False,False
National Public School Kengeri,False,False,False
National Public School Kormangala,False,False,False
"National Public School, Rajajinagar",False,False,False
Government Primary School,True,True,False
Government Higher Primary School,True,True,False
Kodihalli Public School,False,False,False
Government School,True,True,False
Nallurahalli Government School,True,True,False
"National Public School, Banashankari",False,False,False
BBMP College,False,True,True
Government Higher Primary School,True,True,False
SJR Public School,False,False,False
APS Public School,False,False,False
Government Girls Tamil School,True,True,False
Government School,True,True,False
National Hill View Public School,False,False,False
The Indian Public School,False,False,False
Government School,True,True,False
New Horizon Public School,False,False,False
Army Public School,False,False,False
Army Public School ASC C&C,False,False,False
Government Urdu English Model Primary and High School,True,True,False
Schoenstatt St. Mary's Public School,False,False,False
,False,False,False
"Government Lower Primary School, Thubarahalli",True,True,False
Cambridge Public School,False,False,False
Alpha Public School,False,False,False
Apollo National Public School,False,False,False
Kendriya Vidyalaya,False,False,False
Gangamma Thimmaiah Govt School,True,True,False
St. Mary's Public School,False,False,False
BBMP Junior College and Girls High School,False,True,True
Haji Sir Ismail Sait Government Urdu and English Higher Primary School,True,True,False
Government Model Primary School,True,True,False
"National Public School, Jalahalli",False,False,False
Government Primary School,True,True,False
BBMP Girls School,True,True,False
Doddakalasandra Government High School,True,True,False
Greenfield Public School,False,False,False
Government School,True,True,False
"National Public School, Jakkur",False,False,False
Government PUC,False,True,True
"National Public School, Uttarahalli",False,False,False
Siddaganga Public School,False,False,False
Jindal Government School,True,True,False
Government First Grade College,False,True,True
New Town Public School,False,False,False
National Public School Yelahanka,False,False,False
Delhi World Public School,False,False,False
Clarence Public School,False,False,False
JSS Public School,False,False,False
RJ Public School,False,False,False
St. Paul's Public School,False,False,False
BBMP School,True,True,False
National Public School Kalkere,False,False,False
Government High-Tech Kannada and English Medium Higher Primary School,True,True,False
Government Urdu Higher Primary School,True,True,False
Government School,True,True,False
"National Public School, North",False,False,False
National Public School Whitefield,False,False,False
"National Public School, SMV",False,False,False
RV Public School,False,False,False
Government Model Public School,True,True,False
Government Model Primary School,True,True,False
"Government Moedl Primary School, Domlut",True,True,False
Karnataka Public School,False,False,False
Capitol Public School,False,False,False
"Government Lower Primary School, Geddalahalli",True,True,False
BBMP Girls' School,True,True,False
Government School,True,True,False
Frank Public School,False,False,False
Patel Public School,False,False,False
Akal Public School,False,False,False
KNE Public School,False,False,False
Holy Faith Public School,False,False,False
Shams Public School,False,False,False
Government Urdu High School,True,True,False
"Government Kannada Primary School, Yediyur",True,True,False
Karnataka Public School,False,False,False
Government Higher Primary School,True,True,False
Government School,True,True,False
New Baldwin Public School,False,False,False
Government Higher Primary School,True,True,False
Government Tamil Higher Primary School,True,True,False
Vijayashree International Public School,False,False,False
Government Primary School,True,True,False
"Grammer Public HPS Venkarapura, Madiwala",False,False,False
Gunjur Palya Government School,True,True,False
Government Higher Primary School Jakkasandra,True,True,False
Government Telugu High School,True,True,False
Government Deaf and Dumb School,True,True,False
Princeton Public School,False,False,False
JES Public School,False,False,False
Jubilee International Public School,False,False,False
Gangothri International Public School,False,False,False
National Public School West,False,False,False
Indian National Public School,False,False,False
VSS International Public School,False,False,False
JNS Public School,False,False,False
Government Kannada Medium Primary School,True,True,False
Karnataka Public School,False,False,False
